source,author,title,description,url,urlToImage,publishedAt,content,source_name
"{'id': None, 'name': 'Knoxville News Sentinel'}",Knox News | The Knoxville News-Sentinel,Why five SEC teams could make College Football Playoff. Just finish 10-2 | Adams,"Missouri and Ole Miss have the toughest schedules of the playoff contenders. Oklahoma has the hardest, and Alabama has the next most difficult.",https://www.knoxnews.com/story/sports/columnists/university-of-tennessee/john-adams/2024/08/01/sec-college-football-playoff-finish-10-2-tennessee-georgia-alabama/74493030007/,https://s.yimg.com/ny/api/res/1.2/zghMcfyvLRg.mjeQvpylaQ--/YXBwaWQ9aGlnaGxhbmRlcjt3PTEyMDA7aD04MDA-/https://media.zenfs.com/en/knox-news-the-knoxville-news-sentinel/0d572dba7c3a0dc92f808a78ec5acb5d,2024-08-01T09:02:14Z,"The SEC has never been accused of rushing into conference competition in football. This season wont be any different.
The first big Saturday of college football will be Aug. 31. But the SEC wont beg… [+3683 chars]",Knoxville News Sentinel
"{'id': None, 'name': 'Sky Sports'}",Adam Bate,How Oxford won promotion and what's next under Buckingham,"""To stand on the Wembley steps with the trophy, overlooking 35,000 of our fans, that is something that will stay with me for life,"" Des Buckingham tells Sky Sports. The boy from Oxford had taken his team into the Championship.",https://www.skysports.com/football/news/18939/13188052/des-buckingham-exclusive-interview-oxford-united-boss-on-promotion-and-why-he-is-excited-for-what-comes-next,https://e0.365dm.com/24/06/1600x900/skysports-championship-football_6591474.jpg?20240626130350,2024-08-01T09:00:00Z,"""To stand on the Wembley steps with the trophy, overlooking 35,000 of our fans, that is something that will stay with me for life,"" Des Buckingham tells Sky Sports. The boy from Oxford had taken his … [+8249 chars]",Sky Sports
"{'id': None, 'name': 'NDTV News'}",Agence France-Presse,Manchester City Fined 2 Million Pounds For Delaying Kick-Offs,The longest delay was two minutes and 46 seconds for the start of the final game of the season against West Ham.,https://sports.ndtv.com/football/manchester-city-fined-2-million-pounds-for-delaying-kick-offs-6238201,"https://c.ndtvimg.com/2024-04/ot2u18s8_manchester-city-afp_625x300_21_April_24.jpg?im=FeatureCrop,algorithm=dnn,width=1200,height=738",2024-08-01T07:59:06Z,"Manchester City have been fined £2.09 million ($2.68 million, 2.48 million euros) by the Premier League for 22 instances of delaying the kick-off or restart of matches, it was announced Wednesday. Th… [+1635 chars]",NDTV News
"{'id': None, 'name': 'SB Nation'}",Fitzie,"The Hoddle of Coffee: Tottenham Hotspur news and links for Thursday, August 1",A look at the month ahead,https://cartilagefreecaptain.sbnation.com/2024/8/1/24208276/the-hoddle-of-coffee-tottenham-hotspur-news-and-links-for-thursday-august-1,https://cdn.vox-cdn.com/thumbor/vj3W7DyaJHb78kOyD0kFWP-Bn3g=/0x0:3088x1617/fit-in/1200x630/cdn.vox-cdn.com/uploads/chorus_asset/file/25549671/2154418087.jpg,2024-08-01T06:30:00Z,"Photo by Visionhaus/Getty Images

 

 A look at the month ahead good morning ! 
Finally, finally - Tottenham Hotspur football is BACK!
After an eternity away, Spurs will be playing meaningful matche… [+1172 chars]",SB Nation
"{'id': None, 'name': 'Sonyalpharumors.com'}",SonyAlpha Admin,"Press text: Sony, NFL launch new technology partnership","More info at electronics.sony.com/sonyxnfl Press text: Sony, NFL launch new technology partnership The National Football League and Sony announced today a partnership naming Sony as an official technology partner of the NFL, as well as the new official headph…",https://www.sonyalpharumors.com/press-text-sony-nfl-launch-new-technology-partnership/,,2024-08-01T05:58:41Z,"More info at electronics.sony.com/sonyxnfl
Press text:
Sony, NFL launch new technology partnership
The National Football League and Sony announced today a partnership naming Sony as an official te… [+5577 chars]",Sonyalpharumors.com
"{'id': None, 'name': 'Arsenal.com'}",,Ticket info: Arsenal v Leicester City,All the information you need regarding tickets for our Premier League match against Leicester City,https://www.arsenal.com/tickets/arsenal/2024-Sep-28/leicester-city,https://www.arsenal.com/sites/default/files/styles/desktop_16x9/public/images/Emirates%20Stadiujm.jpg?h=510a89ce&auto=webp&itok=Y2v0N7J_,2024-08-01T05:18:28Z,"Below is ticketing information for our Premier League fixture against Leicester City at the Emirates Stadium on Saturday, September 28 at 15.00pm.
This will be a Category C fixture (pricing and info… [+4495 chars]",Arsenal.com
"{'id': None, 'name': 'SB Nation'}",LJSKnutsen,When football was better...,Nobody can say that following Sunderland AFC is or was boring!,https://rokerreport.sbnation.com/2024/8/1/24210289/when-football-was-better,https://cdn.vox-cdn.com/thumbor/-OKMbhGcmAwT71xNgV8O1Q9m_yc=/0x0:1200x628/fit-in/1200x630/cdn.vox-cdn.com/uploads/chorus_asset/file/25554404/650962982.0.jpg,2024-08-01T05:00:00Z,"Nobody can say that following Sunderland AFC is or was boring! Do you ever get the impression when watching football, especially games in the English Premier League, that you are a consumer of a poli… [+4901 chars]",SB Nation
"{'id': None, 'name': 'Sky Sports'}",Anton Toloui,'Replacing Salah would be no easy feat for Liverpool',"If Liverpool do eventually move on from Mo Salah, Wednesday's win over Arsenal is a reminder success will not be easy without him, writes Anton Toloui.",https://www.skysports.com/football/news/11669/13188470/liverpool-replacing-mo-salah-would-be-no-easy-feat-for-the-reds,https://e0.365dm.com/24/07/1600x900/skysports-mo-salah-liverpool_6634000.jpg?20240720185333,2024-08-01T04:20:00Z,"If Liverpool do eventually move on from Mo Salah, Wednesday's win over Arsenal is a reminder success will not be easy without him.
Their games in the US, missing some of the club's biggest names, we… [+2398 chars]",Sky Sports
"{'id': None, 'name': 'Arsenal.com'}",,Odegaard feels we'll peak at the perfect time,Get the view from the changing room following our game against Liverpool in Philadelphia,https://www.arsenal.com/news/odegaard-feels-well-peak-perfect-time,https://www.arsenal.com/sites/default/files/styles/desktop_16x9/public/images/odegaard-liverpool-philly.png?h=d5fbcb48&auto=webp&itok=I5YPG_d0,2024-08-01T03:14:00Z,"With three games in the USA now in the bag, Martin Odegaard believes he and his teammates are on the right track to hit their peak performance levels with the Premier League campaign just over two we… [+2516 chars]",Arsenal.com
"{'id': None, 'name': 'CNA'}",,McClaren appointed head coach of Jamaica's Reggae Boyz,"Steve McClaren was hired as head coach of Jamaica's men's national soccer team on Wednesday, the Jamaican Football Federation (JFF) said.The former England national team and Premier League manager joins the ""Reggae Boyz"" after head coach Heimir Hallgrimsson a…",https://www.channelnewsasia.com/sport/mcclaren-appointed-head-coach-jamaicas-reggae-boyz-4518956,"https://onecms-res.cloudinary.com/image/upload/s---PlgOIWS--/fl_relative,g_south_east,l_mediacorp:cna:watermark:2024-04:reuters_1,w_0.1/f_auto,q_auto/c_fill,g_auto,h_676,w_1200/v1/one-cms/core/2024-08-01t020221z_2_lynxmpek7018z_rtroptp_3_soccer-england-mun-ars-report.jpg?itok=cbtQONgl",2024-08-01T02:02:21Z,"Steve McClaren was hired as head coach of Jamaica's men's national soccer team on Wednesday, the Jamaican Football Federation (JFF) said.
The former England national team and Premier League manager … [+1172 chars]",CNA
"{'id': None, 'name': 'Arsenal.com'}",,Report: Liverpool 2-1 Arsenal,Our pre-season tour of the USA ended in defeat as Liverpool got the better of us in front of a packed house in Philadelphia,https://www.arsenal.com/fixture/arsenal/2024-Jul-31/liverpool-arsenal-match-report,https://www.arsenal.com/sites/default/files/styles/desktop_16x9/public/images/martinelli-liverpool-philly.png?h=3c8f2bed&auto=webp&itok=DaK9dszy,2024-08-01T01:40:00Z,"Our pre-season tour of the USA ended in defeat as Liverpool got the better of us in front of a packed house in Philadelphia
Goals from Mohamed Salah and Fabio Carvalho gave the Reds a healthy lead a… [+3345 chars]",Arsenal.com
"{'id': None, 'name': 'Japan Today'}",,Manchester City fined over £2 million for delayed kick-offs,"Manchester City have been fined £2.09 million ($2.68 million, 2.48 million euros) by the Premier League for 22 instances of delaying the kick-off or restart of matches, it was announced Wednesday. The English champions have accepted the punishment, which rela…",https://japantoday.com/category/sports/manchester-city-fined-over-%C2%A32-million-for-delayed-kick-offs,,2024-07-31T21:51:16Z,"Manchester City have been fined £2.09 million ($2.68 million, 2.48 million euros) by the Premier League for 22 instances of delaying the kick-off or restart of matches, it was announced Wednesday.
T… [+1554 chars]",Japan Today
"{'id': None, 'name': 'SB Nation'}",Geoffrey Blunt,How have Everton Academy players done in the preseason matches so far? (Pt 1),"In the first part of this segment we look at Dixon, Campbell, Welch and Onyango after the three friendlies",https://royalbluemersey.sbnation.com/2024/7/31/24210255/how-have-everton-academy-players-done-preseason-matches-roman-dixon-elijah-campbell-welch-onyango,https://cdn.vox-cdn.com/thumbor/oAxl4xmodcfiTWPMdVBQ0weiPko=/0x355:4969x2957/fit-in/1200x630/cdn.vox-cdn.com/uploads/chorus_asset/file/25553413/2163954205.jpg,2024-07-31T20:09:30Z,"Roman Dixon making the step up against Coventry City | Photo by Bradley Collyer/PA Images via Getty Images

 

 In the first part of this segment we look at Dixon, Campbell, Welch and Onyango after … [+6763 chars]",SB Nation
"{'id': None, 'name': 'Starcommunity.com.au'}",Jin Hui,Brookers bring heat on a dreary day,"A sign of a good team is how well they respond. Whether that’s to a coach’s message, a challenge or […]",https://berwicknews.starcommunity.com.au/sport/2024-08-01/brookers-bring-heat-on-a-dreary-day/,https://berwicknews.starcommunity.com.au/files/2024/08/OEpremGCme_421606_20.jpg,2024-07-31T19:00:48Z,"By Marcus Uhe
A sign of a good team is how well they respond. 
Whether thats to a coachs message, a challenge or adversity, a team builds its reputation on how it tackles circumstances not in their… [+7834 chars]",Starcommunity.com.au
"{'id': 'fox-sports', 'name': 'Fox Sports'}",,"Jürgen Klopp publicly shuts door on taking new coaching job amid USA, England openings","In some of his first public comments since leaving Liverpool, Jürgen Klopp made it clear he is not looking to take a new coaching job any time soon despite links to the USMNT and England jobs.",https://www.foxsports.com/stories/soccer/jurgen-klopp-publicly-shuts-door-taking-new-coaching-job-amid-usa-england-openings,https://a57.foxsports.com/statics.foxsports.com/www.foxsports.com/content/uploads/2024/07/1408/814/Klopp.jpg?ve=1&tl=1,2024-07-31T18:50:45Z,"If Jürgen Klopp coaches high-level soccer again, it won't be for the United States or England men's national teams.
Instead, Klopp reportedly hinted strongly that his coaching days may be over when … [+2626 chars]",Fox Sports
"{'id': None, 'name': 'BBC News'}",BBC Sport,Manchester City fined over £2m for delaying games,Manchester City are fined more than £2m for regularly delaying the start of matches and kick-off in the second half over the past two seasons.,https://www.bbc.com/sport/football/articles/c51ynrngl71o,https://ichef.bbci.co.uk/news/1024/branded_sport/0b97/live/b215f560-4f56-11ef-b4de-73433bd58c7f.jpg,2024-07-31T17:21:29Z,"Manchester City have been fined more than £2m for delaying Premier League kick-offs and restarts 22 times over the past two seasons.
The club accepted they had breached Premier League rules when the… [+1764 chars]",BBC News
"{'id': None, 'name': 'BroBible'}",Grayson Weir,Texas A&M QB Conner Weigman Told Bold-Faced Lie While Guaranteeing A Win Over Texas Longhorns,Texas A&M quarterback Conner Weigman made the bold decision to guarantee a win over Texas ahead of the Longhorns’ first season in the Southeastern Conference. He also told a bold-faced lie while doing so. The 20-year-old signal-caller actually used to root fo…,https://brobible.com/sports/article/conner-weigman-texas-am-guarantee-win-lie-aggies-longhorns/,https://brobible.com/wp-content/uploads/2024/07/conner-weigman-texas-guarantee-win-lie.jpg,2024-07-31T16:29:45Z,"Getty Image
Texas A&amp;M quarterback Conner Weigman made the bold decision to guarantee a win over Texas ahead of the Longhorns’ first season in the Southeastern Conference. He also told a bold-fac… [+1853 chars]",BroBible
"{'id': None, 'name': 'SB Nation'}",Dustin George-Miller,Postecoglou pleased with performance after steamy K-League friendly win,Ange continued to ramp up the intensity in Seoul’s sweltering weather conditions.,https://cartilagefreecaptain.sbnation.com/2024/7/31/24210457/tottenham-hotspur-news-friendly-k-league-all-stars-ange-postecoglou-press-conference,https://cdn.vox-cdn.com/thumbor/-FEyHt_XMd9lGRhiumTogrAdFuk=/0x39:5187x2755/fit-in/1200x630/cdn.vox-cdn.com/uploads/chorus_asset/file/25553846/2164322234.jpg,2024-07-31T15:35:07Z,"Photo by Han Myung-Gu/Getty Images

 

 Ange continued to ramp up the intensity in Seoul’s sweltering weather conditions. There are plenty of things to talk about after Tottenham Hotspur’s thrilling… [+5144 chars]",SB Nation
"{'id': None, 'name': 'Www.gov.uk'}","Department for Culture, Media and Sport","Press release: Culture Secretary declares culture, media and sport sectors crucial to national growth mission","Nandy calls on DCMS to help contribute to the government’s national growth mission, bringing people together and improving living standards in more villages, towns and cities",https://www.gov.uk/government/news/culture-secretary-declares-culture-media-and-sport-sectors-crucial-to-national-growth-mission,https://assets.publishing.service.gov.uk/media/66aa582249b9c0597fdb08f6/s960_Lisa_speech_gov.uk_1.jpg,2024-07-31T15:30:01Z,"<ul><li>In her maiden speech, Culture Secretary Lisa Nandy sets out vision for unlocking growth and opportunity in the UKs £170 billion culture, media and sport sectors
</li><li>Event brings togethe… [+11914 chars]",Www.gov.uk
"{'id': None, 'name': 'Sky Sports'}",Dev Trehan,FA expected to finalise diversity reporting plans in time for new season,The Football Association is expected to finalise a new rule in time for the start of the new season making workforce diversity reporting a mandatory requirement for professional football clubs.,https://www.skysports.com/football/news/11095/13188138/football-association-expected-to-finalise-mandatory-diversity-reporting-plans-for-clubs-in-time-for-new-season,https://e0.365dm.com/21/03/1600x900/skysports-fa-flag-gv-fa-gv_5306063.jpg?20210315154348,2024-07-31T15:30:00Z,"The Football Association is expected to finalise a new rule in time for the start of the new season making workforce diversity reporting a mandatory requirement for professional football clubs.
The … [+6762 chars]",Sky Sports
"{'id': None, 'name': 'Mubi.com'}",,Before and After the Contest: Wraparound Sportscasting through the Ages,,https://mubi.com/en/notebook/posts/before-and-after-the-contest-wraparound-sportscasting-through-the-ages,,2024-07-31T15:29:02Z,"“The Sporting Image” is the summer 2024 edition of the Notebook Insert, a seasonal supplement on moving-image culture.Illustration by Ivy Johnson.The first-ever pregame sports commentary show, Footba… [+28219 chars]",Mubi.com
"{'id': 'football-italia', 'name': 'Football Italia'}",Apollo Heyes,Chiesa only stands to gain from Premier League move,Federico Chiesa’s future is still shrouded in doubt but links to the Premier League bode well for his career as his Juventus exit nears. The...,https://football-italia.net/chiesa-only-gain-premier-league/,https://icdn.football-italia.net/wp-content/uploads/2024/07/fbl-euro-2024-match28-cro-ita.jpg,2024-07-31T14:55:08Z,"Federico Chiesas future is still shrouded in doubt but links to the Premier League bode well for his career as his Juventus exit nears.
The 26-year-old Italian winger has been transfer listed by the… [+2303 chars]",Football Italia
"{'id': 'espn', 'name': 'ESPN'}",Jeff Carlisle,"What the Relevent, U.S. Soccer, FIFA lawsuit could mean for soccer in the USA","There is a potentially seismic shift ahead for soccer in the United States, and it's playing out in the U.S. court system. Here's what the Relevent lawsuit against U.S. Soccer could mean.",https://www.espn.com/soccer/story/_/id/40645598/relevent-fifa-us-soccer-lawsuit-explained,https://a.espncdn.com/combiner/i?img=%2Fphoto%2F2021%2F0701%2Fr875096_1296x729_16%2D9.jpg,2024-07-31T14:52:06Z,"A potentially seismic shift is taking place as it relates to the sport of soccer in the United States, though the tremors aren't being felt on the field, but in the U.S. court system.
Relevent Sport… [+20327 chars]",ESPN
"{'id': 'football-italia', 'name': 'Football Italia'}",Susy Campanale,Huijsen reveals key role of ex-Roma director in Bournemouth move,Dean Huijsen’s father reveals the crucial role former Roma director Tiago Pinto had bringing him to Bournemouth and warns ‘never say never’ to a Juventus return.,https://football-italia.net/huijsen-reveals-role-roma-director-bournemouth/,https://icdn.football-italia.net/wp-content/uploads/2024/02/Dean-Huijsen-shh-Roma-Frosinone.jpg,2024-07-31T14:46:33Z,"Dean Huijsens father reveals the crucial role former Roma director Tiago Pinto had bringing him to Bournemouth and warns never say never to a Juventus return.
The 19-year-old represents a massive pr… [+1463 chars]",Football Italia
"{'id': 'cbs-news', 'name': 'CBS News'}",Meredith Gordon,How to watch the Australia vs. U.S. Olympic women's soccer game,USA women's soccer (USNWT) faces Australia today. Find out how and when to watch the USA vs. Australia game.,https://www.cbsnews.com/essentials/how-to-watch-the-australia-vs-u-s-olympic-womens-soccer-game-today/,https://assets1.cbsnewsstatic.com/hub/i/r/2024/07/30/ef1744b8-b548-4d1b-ba86-3324a9d7910e/thumbnail/1200x630/34b41ca93511ca43c94b57d5accae554/gettyimages-2164474120-1.jpg?v=8f1da8ceea4c14a7119ef5d6a2829966,2024-07-31T14:28:00Z,"Croix Bethune of the United States follows through on a shot during USWNT training at the training fields on July 30, 2024 in Marseille, France. 
Brad Smith/ISI/Getty Images
The U.S. Women's Nation… [+9777 chars]",CBS News
"{'id': 'football-italia', 'name': 'Football Italia'}",Wayne Girard,Calafiori becoming a Gunner is a good thing for the Azzurri,"WIth controversy over star players leaving abroad, Wayne Girard argues Calafiori’s move to Arsenal is a good thing for the Azzurri and Italian...",https://football-italia.net/calafiori-gunner-good-thing-azzurri/,https://icdn.football-italia.net/wp-content/uploads/2024/06/fbl-euro-2024-match04-ita-alb.jpg,2024-07-31T14:17:35Z,"WIth controversy over star players leaving abroad, Wayne Girard argues Calafioris move to Arsenal is a good thing for the Azzurri and Italian football.
When Paris Saint-Germain came knocking for the… [+2858 chars]",Football Italia
"{'id': 'cbs-news', 'name': 'CBS News'}",Meredith Gordon,How to watch today's USA vs. South Sudan men's basketball game,See how to watch LeBron James and Team USA men's basketball against South Sunday today at the 2024 Summer Olympics.,https://www.cbsnews.com/essentials/how-to-watch-the-usa-vs-south-sudan-olympic-mens-basketball-game-today/,https://assets1.cbsnewsstatic.com/hub/i/r/2024/07/30/018a86b5-3428-4851-84c6-d7e77933b70d/thumbnail/1200x630/5ebac1d1064fbb860aba13731e6e72e6/gettyimages-2164071321-1.jpg?v=8f1da8ceea4c14a7119ef5d6a2829966,2024-07-31T14:17:12Z,Lebron James #6 of Team United States dunks the ball against Team Serbia during the first half of the Men's Group Phase - Group C game between Serbia and the United States on day two of the Olympic G… [+9972 chars],CBS News
"{'id': None, 'name': 'Sky Sports'}",Ben Grounds,Explained: How new Champions League format works and who has qualified,The Champions League has undergone a drastic revamp ahead of the 2024/25 season which sees the number of matches in the new format increase from 125 to 189.,https://www.skysports.com/football/news/11945/13143876/champions-league-2024-25-everything-you-need-to-know-about-the-new-format-of-europes-most-prestigious-club-competition,https://e0.365dm.com/24/05/1600x900/skysports-champions-league_6566998.jpg?20240527113436,2024-07-31T14:00:00Z,"The Champions League has undergone a drastic revamp ahead of the 2024/25 season which sees the number of matches in the new format increase from 125 to 189.
The league phase will now be completed at… [+5739 chars]",Sky Sports
"{'id': None, 'name': 'NDTV News'}",Agence France-Presse,'That's It For Me As A Coach' Says Ex-Liverpool Manager Jurgen Klopp,"Jurgen Klopp has ruled out a return to coaching in the near future, including for the vacant England job, saying Wednesday ""as of today, that's it for me as a coach"".",https://sports.ndtv.com/football/thats-it-for-me-as-a-coach-says-ex-liverpool-manager-jurgen-klopp-6232808,"https://c.ndtvimg.com/2022-08/4t56lce_jurgen-klopp-afp-_625x300_23_August_22.jpg?im=FeatureCrop,algorithm=dnn,width=1200,height=738",2024-07-31T13:51:28Z,"Jurgen Klopp has ruled out a return to coaching in the near future, including for the vacant England job, saying Wednesday ""as of today, that's it for me as a coach"". Speaking at a German Football Co… [+2152 chars]",NDTV News
"{'id': 'football-italia', 'name': 'Football Italia'}",Susy Campanale,Agent: Soulé ‘did not even listen’ to Leicester City when Roma called,Matias Soulé completed his transfer to Roma and his agent confirmed the player ‘did not want to even listen’ to Leicester City’s proposal and hints Juventus had to sell ‘due to financial problems.’,https://football-italia.net/agent-soule-did-not-listen-leicester-city-roma/,https://icdn.football-italia.net/wp-content/uploads/2024/07/Matias-Soule-Roma.jpg,2024-07-31T13:38:57Z,"Matias Soulé completed his transfer to Roma and his agent confirmed the player did not want to even listen to Leicester Citys proposal and hints Juventus had to sell due to financial problems.
The A… [+2278 chars]",Football Italia
"{'id': None, 'name': 'BBC News'}",BBC Sport,Klopp distances himself from England job,"Former Liverpool boss Jurgen Klopp says taking the England job would be ""the biggest loss of face in the history of football"".",https://www.bbc.com/sport/football/articles/c6p2y79xy0wo,https://ichef.bbci.co.uk/news/1024/branded_sport/74ff/live/2009f410-4f3c-11ef-aebc-6de4d31bf5cd.png,2024-07-31T13:14:24Z,"Former Liverpool boss Jurgen Klopp says it would be ""the biggest loss of face in the history of football"" if he were to take the England job.
The German has been linked with the vacancy along with o… [+1149 chars]",BBC News
"{'id': None, 'name': 'Incrediblethings.com'}",Jimmy Bell,10 of the Biggest Sporting Upsets in History,"Sport has a magical way of surprising us, especially when the underdog defies all odds and emerges victorious. These moments are what make sports so thrilling and unpredictable. 1. Leicester City Winning the Premier League (2015-2016) Leicester City, a team t…",https://incrediblethings.com/money/casino/10-of-the-biggest-sporting-upsets-in-history/,https://incrediblethings.com/wp-content/uploads/2020/11/bigstock-Sport-Objects-On-Black-And-Spo-324918952.jpg,2024-07-31T13:08:37Z,"Sport has a magical way of surprising us, especially when the underdog defies all odds and emerges victorious. These moments are what make sports so thrilling and unpredictable.
1. Leicester City Wi… [+6455 chars]",Incrediblethings.com
"{'id': 'four-four-two', 'name': 'FourFourTwo'}",Steven Chicken,Kylian Mbappe makes extravagant purchase just weeks after joining Real Madrid,Kylian Mbappe has spent an awful lot of money less than a month after being unveiled as a Real Madrid player,https://www.fourfourtwo.com/news/kylian-mbappe-makes-extravagant-purchase-just-a-few-weeks-after-joining-real-real-madrid,https://cdn.mos.cms.futurecdn.net/pyZ7RmmTNh7rDax6DAdRbi-1200-80.jpg,2024-07-31T13:00:53Z,"Kylian Mbappe has taken over a majority stake in French second-tier side Caen.
Properly know as Stade Malherbe Caen, the club were once on the verge of signing a young Mbappe before the former yo-yo… [+2704 chars]",FourFourTwo
"{'id': None, 'name': 'Digital Trends'}",Simon Cohen,Sony is now the official headphones of the NFL,Sony takes on a sponsorship that has been vacant since Bose decided not to renew its relationship with the NFL.,https://www.digitaltrends.com/home-theater/sony-official-headphones-nfl/,https://www.digitaltrends.com/wp-content/uploads/2024/07/sony-nfl-jordan-love.jpg?resize=1200%2C630&p=1,2024-07-31T13:00:05Z,"For eight years, NFL fans got used to seeing the familiar Bose logo on coaches’ sideline headsets. However, Bose chose not to renew its licensing deal for the 2022 season, and the league’s headsets h… [+2182 chars]",Digital Trends
"{'id': None, 'name': 'New York Post'}",Jared Schwartz,Josko Gvardiol went from feeling ‘lost’ to becoming Manchester City’s hero,"Josko Gvardiol remembers the feeling well. It certainly wasn’t pleasant, and took him a while to shake.",https://nypost.com/2024/07/31/sports/josko-gvardiol-went-from-feeling-lost-to-be-manchester-city-hero/,https://nypost.com/wp-content/uploads/sites/2/2024/07/newspress-collage-roykguozr-1722280527363.jpg?quality=75&strip=all&1722266241&w=1024,2024-07-31T13:00:00Z,"Josko Gvardiol remembers the feeling well. 
It certainly wasnt pleasant, and took him a while to shake.  
Yes, Manchester Citys stud defender would eventually become one of the teams heroes, scorin… [+5125 chars]",New York Post
"{'id': None, 'name': 'Sky Sports'}",Alison Conroy & Luke Shanley,"'Value the player, not the league' - Rodgers' warning to O'Riley suitors","Brendan Rodgers has warned clubs that in-demand midfielder Matt O'Riley will not be leaving Celtic on the cheap, telling them to ""value the player, not the league.""",https://www.skysports.com/football/news/11787/13188098/celtic-brendan-rodgers-warning-to-matt-oriley-suitors-value-the-player-not-the-league,https://e0.365dm.com/24/07/1600x900/skysports-matt-oriley-celtic_6643926.jpg?20240731143254,2024-07-31T12:53:00Z,"Brendan Rodgers has warned clubs that in-demand midfielder Matt O'Riley will not be leaving Celtic on the cheap, telling them to ""value the player, not the league.""
The Scottish Premiership champion… [+2468 chars]",Sky Sports
"{'id': None, 'name': 'Forbes'}","Emmet Gates, Contributor, 
 Emmet Gates, Contributor
 https://www.forbes.com/sites/emmetgates/",Roma Quietly Building Exciting Squad As Matias Soule Is Announced,"Roma completed the signing of Matias Soule this week from Juventus and, after adding Enzo Le Fee and potentially Artem Dovbyk, they are putting together a good side.",https://www.forbes.com/sites/emmetgates/2024/07/31/roma-quietly-building-exciting-squad-as-matias-soule-is-announced/,https://imageio.forbes.com/specials-images/imageserve/66aa2468c7ab171e6dd83804/0x0.jpg?format=jpg&height=900&width=1600&fit=bounds,2024-07-31T11:55:33Z,"ROME, ITALY - JULY 29: In this image release on July 30, 2024, AS Roma Unveil New Signing Matias ... [+] Soule during his first day at Centro Sportivo Fulvio Bernardini on July 29, 2024 in Rome, Ital… [+3264 chars]",Forbes
"{'id': 'espn', 'name': 'ESPN'}",Bill Connelly,Bill Connelly's best college football games of the 2024 season,These are the top matchups in each conference based on SP+ rankings and how close the games are projected to be.,https://www.espn.com/college-football/insider/story/_/id/40680708/best-college-football-games-2024-season-bill-connelly,https://a2.espncdn.com/combiner/i?img=%2Fphoto%2F2024%2F0730%2Fr1365676_1296x729_16%2D9.jpg,2024-07-31T11:21:48Z,"Talking season is practically over and analyzing season will soon lead to having actual games to break down.
The Power 5 became the Power 4 and the ACC, Big 12, Big Ten and SEC added new teams and d… [+6580 chars]",ESPN
"{'id': None, 'name': 'Sky Sports'}",Sahil Jaidka,Rangers close in on Twente captain Pröpper signing,Rangers have agreed a deal to sign FC Twente captain Robin Pröpper.,https://www.skysports.com/football/news/11788/13187959/rangers-transfers-rangers-agree-deal-for-fc-twente-captain-robin-propper,https://e0.365dm.com/24/07/1600x900/skysports-propper-rangers_6643672.jpg?20240731110916,2024-07-31T10:00:00Z,"Rangers have agreed a deal to sign FC Twente captain Robin Pröpper.
The centre-back is now expected to have a medical ahead of his move to Glasgow.
Pröpper, 30, moved to Dutch club FC Twente in 202… [+3707 chars]",Sky Sports
"{'id': None, 'name': 'Just Arsenal News'}",Admin Martin,Arsenal ponders whether to allow Aaron Ramsdale to leave on loan,"Arsenal is considering allowing Aaron Ramsdale to leave on loan after Nottingham Forest showed interest in such an agreement. Ramsdale wants to play, but after David Raya won the most clean sheets in the Premier League last season, it is hard to see him getti…",https://www.justarsenal.com/arsenal-ponders-whether-to-allow-aaron-ramsdale-to-leave-on-loan/372464,https://icdn.justarsenal.com/wp-content/uploads/2023/09/fbl-eng-pr-everton-arsenal-3.jpg,2024-07-31T09:45:00Z,"Arsenal is considering allowing Aaron Ramsdale to leave on loan after Nottingham Forest showed interest in such an agreement.
Ramsdale wants to play, but after David Raya won the most clean sheets i… [+1237 chars]",Just Arsenal News
"{'id': 'espn', 'name': 'ESPN'}",Reuters,City cautious with Haaland's muscle 'discomfort',"Manchester City forward Erling Haaland has been experiencing muscle discomfort, manager Pep Guardiola said",https://www.espn.com/soccer/story/_/id/40687888/man-city-cautious-erling-haaland-muscle-discomfort,https://a3.espncdn.com/combiner/i?img=%2Fphoto%2F2024%2F0731%2Fr1366021_1296x729_16%2D9.jpg,2024-07-31T09:37:27Z,"Jul 31, 2024, 05:19 AM ET
Manchester City forward Erling Haaland has been experiencing muscle discomfort, manager Pep Guardiola said, after the Norwegian was substituted at half-time for the second … [+1721 chars]",ESPN
"{'id': None, 'name': 'Sky Sports'}",Alison Conroy and Gordon Duncan,Naismith challenges Hearts to 'achieve more',"Hearts head coach Steven Naismith believes they can ""achieve more"" this season despite facing a ""tougher challenge.""",https://www.skysports.com/football/news/11790/13187934/hearts-steven-naismith-challenges-hearts-to-achieve-more,https://e0.365dm.com/24/07/1600x900/skysports-naismith-hearts-steven_6630381.jpg?20240718092237,2024-07-31T09:30:00Z,"Hearts head coach Steven Naismith believes they can ""achieve more"" this season despite facing a ""tougher challenge.""
The Jambos finished third last season, 12 points ahead of the rest, and secured a… [+2732 chars]",Sky Sports
"{'id': None, 'name': 'SB Nation'}",chapulana,Newcastle's Nick Pope breaks silence on Euro 2024 snub,The goalie revealed he received no explanation for his international omission.,https://cominghomenewcastle.sbnation.com/2024/7/31/24208529/newcastles-nick-pope-breaks-silence-on-euro-2024-snub,https://cdn.vox-cdn.com/thumbor/l1Ph8X-tZc2Hqq_Zi7caxetfliU=/0x239:3196x1912/fit-in/1200x630/cdn.vox-cdn.com/uploads/chorus_asset/file/25550125/2163913397.jpg,2024-07-31T09:00:00Z,"Photo by Harriet Massey/Newcastle United via Getty Images

 

 The goalie revealed he received no explanation for his international omission. Newcastle United starting goalkeeper and former England … [+3270 chars]",SB Nation
"{'id': None, 'name': 'Sky Sports'}",Lyall Thomas,"The big striker search: Latest on David, Osimhen and Gyokeres","Strikers are expected to be in high-demand this summer, with Arsenal, Aston Villa, Chelsea and Tottenham among the Premier League clubs understood to be on the lookout for a new forward.",https://www.skysports.com/football/news/11095/13187892/the-big-striker-search-latest-on-jonathan-david-victor-osimhen-viktor-gyokeres-and-alexander-isak,https://e0.365dm.com/24/07/1600x900/skysports-football-transfers_6643714.jpg?20240731113619,2024-07-31T08:42:00Z,"Strikers are expected to be in high-demand this summer, with Arsenal, Aston Villa, Chelsea and Tottenham among the Premier League clubs understood to be on the lookout for a new forward.
In fact, Sk… [+14024 chars]",Sky Sports
"{'id': 'four-four-two', 'name': 'FourFourTwo'}",Joe Mewis,Victor Osimhen's agent lashes out and demands 'respect' after Chelsea transfer links,Napoli striker Victor Osimhen's agent has taken to social media following reports linking him with Chelsea,https://www.fourfourtwo.com/news/victor-osimhens-agent-lashes-out-and-demands-respect-after-chelsea-transfer-links,https://cdn.mos.cms.futurecdn.net/g3FYXLjDAuv3uj8GGGY6gC-1200-80.jpg,2024-07-31T08:17:39Z,"The agent of Napoli striker Victor Osimhen has taken to social media to hit out at the latest transfer rumour involving his client and demand ‘respect’ from the media. 
The future of the Nigerian st… [+2912 chars]",FourFourTwo
"{'id': None, 'name': 'SB Nation'}",Roker Report,Fan Letters: “Both Adil Aouchiche and Chris Rigg would deserve to start ahead of Jobe”,RR reader Alan Jackson feels that Jobe often ‘flatters to deceive’ and that we have better options available. Got something to say? Email us: RokerReport@yahoo.co.uk,https://rokerreport.sbnation.com/2024/7/31/24209410/fan-letters-both-adil-aouchiche-and-chris-rigg-would-deserve-to-start-ahead-of-jobe,https://cdn.vox-cdn.com/thumbor/0lGObZXSd5A2ZhXKfVNRPy4_OVQ=/0x0:2220x1162/fit-in/1200x630/cdn.vox-cdn.com/uploads/chorus_asset/file/25551817/2162768268.jpg,2024-07-31T05:00:00Z,"Photo by Ian Horrocks/Sunderland AFC via Getty Images

 


 RR reader Alan Jackson feels that Jobe often ‘flatters to deceive’ and that we have better options available. Got something to say? Email … [+10153 chars]",SB Nation
"{'id': None, 'name': 'The Punch'}",Abiodun Adewale,Osimhen’s agent denies Chelsea loan,"Victor Osimhen’s agent Roberto Calenda has rubbished reports about the Nigeria striker joining Chelsea on loan with an option to buy amid negotiations with English Premier League giants, PUNCH Sports Extra reports. Calenda broke his silence on the protracted …",https://punchng.com/osimhens-agent-denies-chelsea-loan/,https://cdn.punchng.com/wp-content/uploads/2024/03/21132227/Victor-Osimhen-22.jpeg,2024-07-31T00:48:47Z,"Victor Osimhens agent Roberto Calenda has rubbished reports about the Nigeria striker joining Chelsea on loan with an option to buy amid negotiations with English Premier League giants, PUNCH Sports … [+1924 chars]",The Punch
"{'id': None, 'name': 'GameSpot'}",Steven Petite,Ted Lasso Blu-Ray Box Set Gets Launch-Day Discount At Amazon And Limited-Edition Poster,"Ted Lasso: The Complete Series on Blu-ray 
 $75 (was $85) 
See at Amazon See at Amazon (DVD) 
Ted Lasso: The Complete Series is now available on Blu-ray and DVD (as of July 30). The box set contains all three seasons of Apple TV's smash hit as well as a li…",https://www.gamespot.com/articles/ted-lasso-blu-ray-box-set-gets-launch-day-discount-at-amazon-and-limited-edition-poster/1100-6523264/,https://www.gamespot.com/a/uploads/screen_kubrick/1595/15950357/4343360-tedlasso.jpg,2024-07-31T00:19:00Z,Ted Lasso: The Complete Series is now available on Blu-ray and DVD (as of July 30). The box set contains all three seasons of Apple TV's smash hit as well as a limited-edition double-sided poster. Am… [+2393 chars],GameSpot
"{'id': None, 'name': 'NBCSports.com'}",NBC Sports,10 All-Americans Named to Outland Trophy Watch List,Tuesday morning the preseason candidates for the Outland Trophy were announced.,https://www.nbcsports.com/college-football/all-american-bowl/news/10-all-americans-named-to-outland-trophy-watch-list,https://s.yimg.com/ny/api/res/1.2/pwzp_DatJjp5EvUg34fWdQ--/YXBwaWQ9aGlnaGxhbmRlcjt3PTEyMDA7aD02NzU-/https://media.zenfs.com/en/nbcsports.com/374bd1e950f6bf4cdc35a4f32fee6c4d,2024-07-30T19:08:22Z,"Tyleik Williams (Manassas, Virginia/ Unity Reed H.S.), the Ohio State University commit, was officially honored today as a 2021 All-American.
Tuesday morning the preseason candidates for the Outland… [+1639 chars]",NBCSports.com
"{'id': None, 'name': 'NBCSports.com'}",NBC Sports,Ten All-Americans Named to Bronko Nagurski Trophy Watch List,Earlier today the preseason candidates for the 2024 Bronko Nagurski Trophy were announced.,https://www.nbcsports.com/college-football/all-american-bowl/news/nine-all-americans-named-to-bronko-nagurski-trophy-watch-list,https://s.yimg.com/ny/api/res/1.2/ApiEHJHGEBsaIveqKOdV9A--/YXBwaWQ9aGlnaGxhbmRlcjt3PTEyMDA7aD02NzU-/https://media.zenfs.com/en/nbcsports.com/2b11bc567cc4aac2f13026d2d2c62cdc,2024-07-30T18:59:14Z,Caleb Downs was named the winner of the award which is given annually to the nations most outstanding high school senior football player and is the most distinguished individual award given in high s… [+1686 chars],NBCSports.com
"{'id': None, 'name': 'NBCSports.com'}",NBC Sports,12 All-Americans Named to Maxwell Award Watch List,"Monday morning the Maxwell Football Club released the watchlist for the annual Maxwell Award, presented annually to the outstanding player in college football. 12 former All-American Bowl athletes were named to the watch list.",https://www.nbcsports.com/college-football/all-american-bowl/news/12-all-americans-named-to-maxwell-award-watch-list,https://s.yimg.com/ny/api/res/1.2/O30I4LsJwxuki8wqK3fMCA--/YXBwaWQ9aGlnaGxhbmRlcjt3PTEyMDA7aD02NzU-/https://media.zenfs.com/en/nbcsports.com/6bebeaca3bd18f32c5072cf29ccb0fee,2024-07-30T18:51:38Z,"Monday morning the Maxwell Football Club released the watchlist for the annual Maxwell Award, presented annually to the outstanding player in college football.
12 former All-American Bowl athletes w… [+1086 chars]",NBCSports.com
"{'id': 'the-irish-times', 'name': 'The Irish Times'}",Andy Hunter,Jake O’Brien credits Séamus Coleman and Sean Dyche after sealing €20m Everton move,23-year-old Republic of Ireland defender hails Coleman ‘the best captain’ he has had,https://www.irishtimes.com/sport/soccer/2024/07/30/jake-obrien-credits-seamus-coleman-and-sean-dyche-after-sealing-20m-everton-move/,https://www.irishtimes.com/resizer/v2/GHV76MIZFNFRJEKYLBFRSWZZFY.jpg?smart=true&auth=79253d28b1eaaabd08d2b29c9ed666cd7334cc5cb713ef8bb586b2e0fe5ab51f&width=1200&height=630,2024-07-30T18:44:21Z,Jake OBrien has credited his international captain Séamus Coleman and Sean Dyches development of young defenders as key reasons for rejecting several Premier League clubs in favour of a move to Evert… [+2317 chars],The Irish Times
"{'id': None, 'name': 'Forbes'}","Zak Garner-Purkis, Contributor, 
 Zak Garner-Purkis, Contributor
 https://www.forbes.com/sites/zakgarnerpurkis/",The Numbers Condemning Manchester United’s Old Trafford To Demolition,"Unlike Tottenham Hotspur, who were constrained by being based in a dense city where building costs are high, United is in an area of large disused industrial sites.",https://www.forbes.com/sites/zakgarnerpurkis/2024/07/30/the-numbers-condemning--manchester-uniteds-old-trafford-to-demolition/,https://imageio.forbes.com/specials-images/imageserve/66a9050ce7f8afbfb110c2ba/0x0.jpg?format=jpg&height=900&width=1600&fit=bounds,2024-07-30T18:30:07Z,"MANCHESTER, ENGLAND - MAY 12: A general view as the drainage pipe in the roofs of the Sir Alex ... [+] Ferguson Stand and East Stand leaks and pours onto the seats below following heavy rainfall afte… [+6355 chars]",Forbes
"{'id': 'four-four-two', 'name': 'FourFourTwo'}",Joe Mewis,What Enzo Fernandez did on his return to Chelsea training following racism storm,Fernandez posted a video of a chant containing racist and transphobic lyrics while Argentina celebrated their Copa America win,https://www.fourfourtwo.com/news/what-enzo-fernandez-did-on-his-return-to-chelsea-training-following-racism-storm,https://cdn.mos.cms.futurecdn.net/NcqbNCfoX36qeoiiDpMRyL-1200-80.jpg,2024-07-30T18:00:33Z,Enzo Fernandez has rejoined his Chelsea teammates on the club’s tour of the USA and reportedly issued an immediate apology following his part in the race controversy that followed Argentina’s Copa Am… [+2284 chars],FourFourTwo
"{'id': None, 'name': 'Forbes'}","Zak Garner-Purkis, Contributor, 
 Zak Garner-Purkis, Contributor
 https://www.forbes.com/sites/zakgarnerpurkis/",Chelsea Set To Lose Most Under-Appreciated Player In England,England has a habit of demonizing individual players as the ‘cause’ of a bad performance. Those who lack the reputation of bigger stars are often the fall guys,https://www.forbes.com/sites/zakgarnerpurkis/2024/07/30/chelsea-set-to-lose-most-under-appreciated-player-in-england/,https://imageio.forbes.com/specials-images/imageserve/66a8c0fa2595a24b208277e6/0x0.jpg?format=jpg&height=900&width=1600&fit=bounds,2024-07-30T17:30:03Z,"LONDON, ENGLAND - MARCH 17: Chelsea players enter a huddle prior to the Emirates FA Cup Quarter ... [+] Final between Chelsea FC and Leicester City FC at Stamford Bridge on March 17, 2024 in London, … [+5300 chars]",Forbes
"{'id': 'espn', 'name': 'ESPN'}",James Olley,"Reviving Arsenal: Kroenke reflects on Super League fallout, Arteta's success",Arsenal owner Josh Kroenke sits down with ESPN to talk about KSE's vision for the Premier League giants and how it's translating to success.,https://www.espn.com/soccer/story/_/id/40676836/how-josh-kroenke-kse-revitalised-arsenal-title-interview,https://a2.espncdn.com/combiner/i?img=%2Fphoto%2F2024%2F0730%2Fr1365397_1296x729_16%2D9.jpg,2024-07-30T16:53:37Z,"LOS ANGELES -- Arsenal co-chair Josh Kroenke is in a tent looking out over a field at Loyola Marymount University, where Arsenal manager Mikel Arteta and LA Rams head coach Sean McVay have just finis… [+20716 chars]",ESPN
"{'id': None, 'name': 'Independent.ie'}",Daniel McDonnell,Jake O’Brien seals ‘dream’ move to Everton in deal expected to reach £20million in add-ons,Jake O’Brien says he is determined to repay the faith that Everton have shown in him after finalising his switch to the Premier League for an ‘undisclosed fee’ that is expected to reach €20m with basic add-ons.,https://www.independent.ie/sport/soccer/premier-league/jake-obrien-seals-dream-move-to-everton-in-deal-expected-to-reach-20million-in-add-ons/a1509639025.html,https://focus.independent.ie/thumbor/IvXKmtA0xoV2E1lhen_GVAVIrgg=/15x0:2737x1814/629x0/prod-mh-ireland/d6a6fb4e-b20d-4851-8e8c-80e92ab8e52a/bc81d8be-8f38-4fa4-8ad7-1e159915102f/d6a6fb4e-b20d-4851-8e8c-80e92ab8e52a.jpg,2024-07-30T16:50:51Z,Jake OBrien says he is determined to repay the faith that Everton have shown in him after finalising his switch to the Premier League for an undisclosed fee that is expected to reach 20m with basic a… [+3761 chars],Independent.ie
"{'id': None, 'name': 'SB Nation'}",Calvin,CONFIRMED: Everton sign young defender Jake O’Brien,The Blues have an eye to the future with the hulking Irish international,https://royalbluemersey.sbnation.com/2024/7/30/24208907/confirmed-everton-transfer-news-sign-jake-obrien-olympique-lyon-seamus-coleman-branthwaite-tarkowski,https://cdn.vox-cdn.com/thumbor/vCYU571STUvmOxc5xg0_eZ0fYt4=/0x21:1440x775/fit-in/1200x630/cdn.vox-cdn.com/uploads/chorus_asset/file/25552276/JOB1.png,2024-07-30T16:33:05Z,The Blues have an eye to the future with the hulking Irish international Everton have confirmed their fifth signing of the summer and it’s not even August yet with the addition of rising star defende… [+4072 chars],SB Nation
"{'id': None, 'name': 'Sky Sports'}",Ben Grounds,Everton complete deal for Lyon defender O'Brien,Everton have signed Republic of Ireland defender Jake O'Brien from Lyon.,https://www.skysports.com/football/news/11671/13186329/jake-obrien-everton-sign-republic-of-ireland-defender-from-lyon,https://e0.365dm.com/24/07/1600x900/skysports-jake-o-brien-lyon_6640965.jpg?20240727181807,2024-07-30T16:30:00Z,"Everton have signed Republic of Ireland defender Jake O'Brien from Lyon.
The 23-year-old centre-back has signed a four-year deal and returns to the Premier League, having only joined the Ligue 1 clu… [+5001 chars]",Sky Sports
"{'id': 'four-four-two', 'name': 'FourFourTwo'}",Jules Breach,"JULES BREACH: 3am alarms, state of the art technology, muted celebrations when England won and Alexi Lalas' one-liners... what it was like covering Euro 2024 in America",The presenter details her Stateside summer on Fox Sports covering Euro 2024,https://www.fourfourtwo.com/news/jules-breach-3am-alarms-state-of-the-art-technology-muted-celebrations-when-england-won-and-alexi-lalas-one-liners-what-it-was-like-covering-euro-2024-in-america,https://cdn.mos.cms.futurecdn.net/x6NRVq6UYeSzDz44Tne2RG-1200-80.png,2024-07-30T15:00:33Z,"You can’t beat a tournament summer. Non-stop football, days fuelled by conversation about the best goal, the next young star to break through, debates about team selection and gatherings with your fa… [+5900 chars]",FourFourTwo
"{'id': 'the-times-of-india', 'name': 'The Times of India'}",The Feed,"Real Madrid's Kylian Mbappe become youngest club owner in European football history, know the inside story","Kylian Mbappe has etched his name yet again in the European football's history books by becoming the youngest stakeholder of a European club ever, at the age of just 25. He will be moving ahead with his acquisition of this premier tier football club through h…",https://economictimes.indiatimes.com/news/international/us/real-madrids-kylian-mbappe-become-youngest-club-owner-in-european-football-history-know-the-inside-story/articleshow/112143413.cms,"https://img.etimg.com/thumb/msid-112143419,width-1200,height-630,imgsize-160370,overlay-economictimes/photo.jpg",2024-07-30T14:31:02Z,"(Catch all the US News, UK News, Canada News, International Breaking News Events, and Latest News Updates on The Economic Times.)
Download The Economic Times News App to get Daily International News… [+8 chars]",The Times of India
"{'id': 'cbs-news', 'name': 'CBS News'}",Meredith Gordon,How to watch today's USA vs. Guinea men's Olympic soccer game,Team USA (USMNT) faces Guinea in men's Olympic soccer. Find out how and when to watch today's match.,https://www.cbsnews.com/essentials/how-to-watch-the-usa-vs-guinea-mens-olympic-soccer-game-today-livestream-options-more/,https://assets3.cbsnewsstatic.com/hub/i/r/2024/07/29/189e6b06-28de-4c94-9111-e2e4e0fc0d5d/thumbnail/1200x630/12925169d28866ad23787e82883e8bc1/gettyimages-2163946311-1.jpg?v=5501038cbc281520ff9fdc308faab7dc,2024-07-30T14:06:00Z,Walker Zimmerman #3 of Team USA celebrates scoring his team's second goal during the Men's group A match between New Zealand and United States during the Olympic Games Paris 2024 at Stade de Marseill… [+8615 chars],CBS News
"{'id': 'four-four-two', 'name': 'FourFourTwo'}",Ryan Dabbs,Manchester United to sign wonderkid dubbed 'the next Victor Osimhen': report,Manchester United are looking to add an extremely talented youngster to their ranks in the coming future,https://www.fourfourtwo.com/news/manchester-united-transfer-news-to-sign-wonderkid-dubbed-the-next-victor-osimhen-report-signings-man-utd-gossip-paper-talk-rumours-mufc-ggmu,https://cdn.mos.cms.futurecdn.net/L7wPvRx8xz9LfubsSm4Rxn-1200-80.png,2024-07-30T14:00:40Z,"Manchester United are looking to add another striker to their squad this summer, with one target having been compared to Victor Osimhen.
Having already added Joshua Zirkzee to their side to provide … [+2806 chars]",FourFourTwo
"{'id': None, 'name': 'Arsenal.com'}",,Riccardo Calafiori's FPL price revealed!,Fantasy Premier League has launched for the new 2024/25 season! See the prices of all of our players in the game,https://www.arsenal.com/news/riccardo-calafioris-fpl-price-revealed,https://www.arsenal.com/sites/default/files/styles/desktop_16x9/public/images/fantasy.png?h=f9d2d83f&auto=webp&itok=7ivzixKf,2024-07-30T13:50:00Z,"Steph Catley produced an incredible performance with two goals and two assists as Australia came from 5-2 down to beat Zambia 6-5 at the Paris 2024 Olympics on Sunday.
Barbra Banda gave Zambia the l… [+2310 chars]",Arsenal.com
"{'id': None, 'name': 'CBS Sports'}",Will Backus,"SEC strength of schedule rankings 2024: Florida faces brutal slate, Texas has clear path to playoff",The SEC's newcomers face vastly different outlooks in their first seasons as league members,https://www.cbssports.com/college-football/news/sec-strength-of-schedule-rankings-2024-florida-faces-brutal-slate-texas-has-clear-path-to-playoff/,https://sportshub.cbsistatic.com/i/r/2024/07/30/c3d7c8ba-a717-45b0-8340-cd41dedd24c5/thumbnail/1200x675/acd16b9a786ef8b853449744703aac07/mertz-florida.jpg,2024-07-30T13:33:42Z,"There's no such thing as a ""light"" SEC football schedule. Even if a program loads its nonconference slate with proverbial cupcakes, once league play starts, things are always a grind week in and week… [+1255 chars]",CBS Sports
"{'id': None, 'name': 'BBC News'}",Simon Stone in San Diego,Man Utd join Real Betis in 'green' San Diego event,Real Betis CEO Ramon Alarcon accepts green initiative before Man Utd game doesn't fix bigger environmental impact.,https://www.bbc.com/sport/football/articles/cxw2zjn4kpmo,https://ichef.bbci.co.uk/news/1024/branded_sport/39ba/live/651d83f0-4e2e-11ef-aebc-6de4d31bf5cd.jpg,2024-07-30T12:48:36Z,Real Betis chief executive Ramon Alarcon accepts an environmental initiative called The Greenest Game being held before their fixture with Manchester United in San Diego does not address the bigger i… [+2415 chars],BBC News
