title,title_detail,summary,summary_detail,links,link,id,guidislink,published,published_parsed,media_thumbnail,href
Ten Hag Q&A: Man Utd boss has 'left behind' job review,"{'type': 'text/plain', 'language': None, 'base': 'https://feeds.bbci.co.uk/sport/football/rss.xml', 'value': ""Ten Hag Q&A: Man Utd boss has 'left behind' job review""}",Manchester United manager Erik ten Hag answers questions from BBC Sport's Simon Stone on the 'football review' and his hopes for the new season.,"{'type': 'text/html', 'language': None, 'base': 'https://feeds.bbci.co.uk/sport/football/rss.xml', 'value': ""Manchester United manager Erik ten Hag answers questions from BBC Sport's Simon Stone on the 'football review' and his hopes for the new season.""}","[{'rel': 'alternate', 'type': 'text/html', 'href': 'https://www.bbc.com/sport/football/articles/cgerenr1ddno'}]",https://www.bbc.com/sport/football/articles/cgerenr1ddno,https://www.bbc.com/sport/football/articles/cgerenr1ddno#0,False,"Fri, 02 Aug 2024 08:01:05 GMT","time.struct_time(tm_year=2024, tm_mon=8, tm_mday=2, tm_hour=8, tm_min=1, tm_sec=5, tm_wday=4, tm_yday=215, tm_isdst=0)","[{'width': '240', 'height': '135', 'url': 'https://ichef.bbci.co.uk/news/240/cpsprodpb/638d/live/ce88a9e0-50aa-11ef-aebc-6de4d31bf5cd.jpg'}]",
Rangers manager Clement agrees new deal,"{'type': 'text/plain', 'language': None, 'base': 'https://feeds.bbci.co.uk/sport/football/rss.xml', 'value': 'Rangers manager Clement agrees new deal'}",Rangers manager Philippe Clement signs a contract extension until the summer of 2028.,"{'type': 'text/html', 'language': None, 'base': 'https://feeds.bbci.co.uk/sport/football/rss.xml', 'value': 'Rangers manager Philippe Clement signs a contract extension until the summer of 2028.'}","[{'rel': 'alternate', 'type': 'text/html', 'href': 'https://www.bbc.com/sport/football/articles/c03l3n8p9ejo'}]",https://www.bbc.com/sport/football/articles/c03l3n8p9ejo,https://www.bbc.com/sport/football/articles/c03l3n8p9ejo#0,False,"Fri, 02 Aug 2024 09:28:23 GMT","time.struct_time(tm_year=2024, tm_mon=8, tm_mday=2, tm_hour=9, tm_min=28, tm_sec=23, tm_wday=4, tm_yday=215, tm_isdst=0)","[{'width': '240', 'height': '135', 'url': 'https://ichef.bbci.co.uk/news/240/cpsprodpb/34d4/live/5adde620-50b1-11ef-9462-ef4aa241f684.jpg'}]",
'Celtic hold all the aces at home amid clamour for more ambition',"{'type': 'text/plain', 'language': None, 'base': 'https://feeds.bbci.co.uk/sport/football/rss.xml', 'value': ""'Celtic hold all the aces at home amid clamour for more ambition'""}","Celtic begin the quest for yet another title in a position of strength but manager Brendan Rodgers ""does not want to live in a comfort zone"", writes Tom English.","{'type': 'text/html', 'language': None, 'base': 'https://feeds.bbci.co.uk/sport/football/rss.xml', 'value': 'Celtic begin the quest for yet another title in a position of strength but manager Brendan Rodgers ""does not want to live in a comfort zone"", writes Tom English.'}","[{'rel': 'alternate', 'type': 'text/html', 'href': 'https://www.bbc.com/sport/football/articles/c87rz2p3k8mo'}]",https://www.bbc.com/sport/football/articles/c87rz2p3k8mo,https://www.bbc.com/sport/football/articles/c87rz2p3k8mo#0,False,"Fri, 02 Aug 2024 07:25:59 GMT","time.struct_time(tm_year=2024, tm_mon=8, tm_mday=2, tm_hour=7, tm_min=25, tm_sec=59, tm_wday=4, tm_yday=215, tm_isdst=0)","[{'width': '240', 'height': '135', 'url': 'https://ichef.bbci.co.uk/news/240/cpsprodpb/7738/live/5c1e0320-4ff4-11ef-84d2-6dfa3a7469fb.jpg'}]",
Ex-Leicester boss Shakespeare dies aged 60,"{'type': 'text/plain', 'language': None, 'base': 'https://feeds.bbci.co.uk/sport/football/rss.xml', 'value': 'Ex-Leicester boss Shakespeare dies aged 60'}","Former Leicester City manager Craig Shakespeare has died at the age of 60, his family have announced.","{'type': 'text/html', 'language': None, 'base': 'https://feeds.bbci.co.uk/sport/football/rss.xml', 'value': 'Former Leicester City manager Craig Shakespeare has died at the age of 60, his family have announced.'}","[{'rel': 'alternate', 'type': 'text/html', 'href': 'https://www.bbc.com/sport/football/articles/c727p2mmzxpo'}]",https://www.bbc.com/sport/football/articles/c727p2mmzxpo,https://www.bbc.com/sport/football/articles/c727p2mmzxpo#0,False,"Thu, 01 Aug 2024 18:34:21 GMT","time.struct_time(tm_year=2024, tm_mon=8, tm_mday=1, tm_hour=18, tm_min=34, tm_sec=21, tm_wday=3, tm_yday=214, tm_isdst=0)","[{'width': '240', 'height': '134', 'url': 'https://ichef.bbci.co.uk/news/240/cpsprodpb/de9a/live/c55d8030-5036-11ef-8661-8142c258b304.jpg'}]",
51 moves and going strong at 45 - meet football's ultimate journeyman,"{'type': 'text/plain', 'language': None, 'base': 'https://feeds.bbci.co.uk/sport/football/rss.xml', 'value': ""51 moves and going strong at 45 - meet football's ultimate journeyman""}","As he gets ready to embark on yet another season, BBC Sport meets Jefferson Louis - football's ultimate journeyman - who has changed clubs a remarkable 51 times.","{'type': 'text/html', 'language': None, 'base': 'https://feeds.bbci.co.uk/sport/football/rss.xml', 'value': ""As he gets ready to embark on yet another season, BBC Sport meets Jefferson Louis - football's ultimate journeyman - who has changed clubs a remarkable 51 times.""}","[{'rel': 'alternate', 'type': 'text/html', 'href': 'https://www.bbc.com/sport/football/articles/c51ynqw5re2o'}]",https://www.bbc.com/sport/football/articles/c51ynqw5re2o,https://www.bbc.com/sport/football/articles/c51ynqw5re2o#0,False,"Fri, 02 Aug 2024 05:52:04 GMT","time.struct_time(tm_year=2024, tm_mon=8, tm_mday=2, tm_hour=5, tm_min=52, tm_sec=4, tm_wday=4, tm_yday=215, tm_isdst=0)","[{'width': '240', 'height': '134', 'url': 'https://ichef.bbci.co.uk/news/240/cpsprodpb/c9ff/live/f7f80040-4ff2-11ef-8f0f-0577398c3339.png'}]",
Fulham make £20m bid for Man Utd's McTominay,"{'type': 'text/plain', 'language': None, 'base': 'https://feeds.bbci.co.uk/sport/football/rss.xml', 'value': ""Fulham make £20m bid for Man Utd's McTominay""}","Manchester United reject a second bid from Fulham, understood to be £20m for midfielder Scott McTominay.","{'type': 'text/html', 'language': None, 'base': 'https://feeds.bbci.co.uk/sport/football/rss.xml', 'value': 'Manchester United reject a second bid from Fulham, understood to be £20m for midfielder Scott McTominay.'}","[{'rel': 'alternate', 'type': 'text/html', 'href': 'https://www.bbc.com/sport/articles/c724p4dxqj9o'}]",https://www.bbc.com/sport/articles/c724p4dxqj9o,https://www.bbc.com/sport/articles/c724p4dxqj9o#0,False,"Fri, 02 Aug 2024 04:52:35 GMT","time.struct_time(tm_year=2024, tm_mon=8, tm_mday=2, tm_hour=4, tm_min=52, tm_sec=35, tm_wday=4, tm_yday=215, tm_isdst=0)","[{'width': '240', 'height': '135', 'url': 'https://ichef.bbci.co.uk/news/240/cpsprodpb/e7ad/live/f9cb4b50-508f-11ef-8756-310bacb4bc28.jpg'}]",
Argentina and France set for grudge Olympics match,"{'type': 'text/plain', 'language': None, 'base': 'https://feeds.bbci.co.uk/sport/football/rss.xml', 'value': 'Argentina and France set for grudge Olympics match'}",France meet Argentina for a potential grudge match as the men's Olympics football quarter-finals take place on Friday.,"{'type': 'text/html', 'language': None, 'base': 'https://feeds.bbci.co.uk/sport/football/rss.xml', 'value': ""France meet Argentina for a potential grudge match as the men's Olympics football quarter-finals take place on Friday.""}","[{'rel': 'alternate', 'type': 'text/html', 'href': 'https://www.bbc.com/sport/olympics/articles/crg7yvxk4mxo'}]",https://www.bbc.com/sport/olympics/articles/crg7yvxk4mxo,https://www.bbc.com/sport/olympics/articles/crg7yvxk4mxo#0,False,"Fri, 02 Aug 2024 05:14:10 GMT","time.struct_time(tm_year=2024, tm_mon=8, tm_mday=2, tm_hour=5, tm_min=14, tm_sec=10, tm_wday=4, tm_yday=215, tm_isdst=0)","[{'width': '240', 'height': '135', 'url': 'https://ichef.bbci.co.uk/news/240/cpsprodpb/b1bc/live/42662f00-4f47-11ef-aa3d-8d9698a4dd32.jpg'}]",
Three things we learned from Arsenal's America tour,"{'type': 'text/plain', 'language': None, 'base': 'https://feeds.bbci.co.uk/sport/football/rss.xml', 'value': ""Three things we learned from Arsenal's America tour""}","Arsenal have Manchester City in their sights in the new Premier League season, says chief football news reporter Simon Stone.","{'type': 'text/html', 'language': None, 'base': 'https://feeds.bbci.co.uk/sport/football/rss.xml', 'value': 'Arsenal have Manchester City in their sights in the new Premier League season, says chief football news reporter Simon Stone.'}","[{'rel': 'alternate', 'type': 'text/html', 'href': 'https://www.bbc.com/sport/football/articles/c3gr5y3dezyo'}]",https://www.bbc.com/sport/football/articles/c3gr5y3dezyo,https://www.bbc.com/sport/football/articles/c3gr5y3dezyo#0,False,"Thu, 01 Aug 2024 21:55:37 GMT","time.struct_time(tm_year=2024, tm_mon=8, tm_mday=1, tm_hour=21, tm_min=55, tm_sec=37, tm_wday=3, tm_yday=214, tm_isdst=0)","[{'width': '240', 'height': '134', 'url': 'https://ichef.bbci.co.uk/news/240/cpsprodpb/420a/live/1169df10-500e-11ef-a64a-6775cc5bfd22.jpg'}]",
Palace sign ex-Watford winger Sarr from Marseille,"{'type': 'text/plain', 'language': None, 'base': 'https://feeds.bbci.co.uk/sport/football/rss.xml', 'value': 'Palace sign ex-Watford winger Sarr from Marseille'}",Crystal Palace sign winger Ismaila Sarr from Marseille for a fee in the region of £12.5m.,"{'type': 'text/html', 'language': None, 'base': 'https://feeds.bbci.co.uk/sport/football/rss.xml', 'value': 'Crystal Palace sign winger Ismaila Sarr from Marseille for a fee in the region of £12.5m.'}","[{'rel': 'alternate', 'type': 'text/html', 'href': 'https://www.bbc.com/sport/football/articles/c1rwvv1d07po'}]",https://www.bbc.com/sport/football/articles/c1rwvv1d07po,https://www.bbc.com/sport/football/articles/c1rwvv1d07po#0,False,"Thu, 01 Aug 2024 17:19:03 GMT","time.struct_time(tm_year=2024, tm_mon=8, tm_mday=1, tm_hour=17, tm_min=19, tm_sec=3, tm_wday=3, tm_yday=214, tm_isdst=0)","[{'width': '240', 'height': '135', 'url': 'https://ichef.bbci.co.uk/news/240/cpsprodpb/1c91/live/063dc4c0-5028-11ef-a29e-db4deeb6efa1.jpg'}]",
I am here for the project and to win trophies - Ten Hag,"{'type': 'text/plain', 'language': None, 'base': 'https://feeds.bbci.co.uk/sport/football/rss.xml', 'value': 'I am here for the project and to win trophies - Ten Hag'}","Manchester United manager Erik ten Hag speaks to BBC Sport's Simon Stone in Los Angeles, on the club’s pre-season trip to the United States.","{'type': 'text/html', 'language': None, 'base': 'https://feeds.bbci.co.uk/sport/football/rss.xml', 'value': ""Manchester United manager Erik ten Hag speaks to BBC Sport's Simon Stone in Los Angeles, on the club’s pre-season trip to the United States.""}","[{'rel': 'alternate', 'type': 'text/html', 'href': 'https://www.bbc.com/sport/football/videos/c3gdg8r2nn1o'}]",https://www.bbc.com/sport/football/videos/c3gdg8r2nn1o,https://www.bbc.com/sport/football/videos/c3gdg8r2nn1o#0,False,"Fri, 02 Aug 2024 08:38:41 GMT","time.struct_time(tm_year=2024, tm_mon=8, tm_mday=2, tm_hour=8, tm_min=38, tm_sec=41, tm_wday=4, tm_yday=215, tm_isdst=0)","[{'width': '240', 'height': '135', 'url': 'https://ichef.bbci.co.uk/news/240/cpsprodpb/10fe/live/967f07d0-50a8-11ef-aebc-6de4d31bf5cd.jpg'}]",
West Ham close in on Fullkrug signing - Friday's gossip,"{'type': 'text/plain', 'language': None, 'base': 'https://feeds.bbci.co.uk/sport/football/rss.xml', 'value': ""West Ham close in on Fullkrug signing - Friday's gossip""}","West Ham on the verge of Niclas Fullkrug signing, a Premier League side reach a deal to sign Romelu Lukaku, Arsenal close in on Mikel Merino, plus more.","{'type': 'text/html', 'language': None, 'base': 'https://feeds.bbci.co.uk/sport/football/rss.xml', 'value': 'West Ham on the verge of Niclas Fullkrug signing, a Premier League side reach a deal to sign Romelu Lukaku, Arsenal close in on Mikel Merino, plus more.'}","[{'rel': 'alternate', 'type': 'text/html', 'href': 'https://www.bbc.com/sport/football/articles/c19kdd7evx0o'}]",https://www.bbc.com/sport/football/articles/c19kdd7evx0o,https://www.bbc.com/sport/football/articles/c19kdd7evx0o#1,False,"Thu, 01 Aug 2024 21:56:48 GMT","time.struct_time(tm_year=2024, tm_mon=8, tm_mday=1, tm_hour=21, tm_min=56, tm_sec=48, tm_wday=3, tm_yday=214, tm_isdst=0)","[{'width': '240', 'height': '135', 'url': 'https://ichef.bbci.co.uk/news/240/cpsprodpb/8807/live/809a4d60-504b-11ef-aebc-6de4d31bf5cd.png'}]",
Fifa offers calendar talks to angry organisations,"{'type': 'text/plain', 'language': None, 'base': 'https://feeds.bbci.co.uk/sport/football/rss.xml', 'value': 'Fifa offers calendar talks to angry organisations'}",Fifa says it is happy to discuss the football calendar with bodies threatening legal action.,"{'type': 'text/html', 'language': None, 'base': 'https://feeds.bbci.co.uk/sport/football/rss.xml', 'value': 'Fifa says it is happy to discuss the football calendar with bodies threatening legal action.'}","[{'rel': 'alternate', 'type': 'text/html', 'href': 'https://www.bbc.com/sport/football/articles/c720pp5rxewo'}]",https://www.bbc.com/sport/football/articles/c720pp5rxewo,https://www.bbc.com/sport/football/articles/c720pp5rxewo#1,False,"Thu, 01 Aug 2024 16:52:03 GMT","time.struct_time(tm_year=2024, tm_mon=8, tm_mday=1, tm_hour=16, tm_min=52, tm_sec=3, tm_wday=3, tm_yday=214, tm_isdst=0)","[{'width': '240', 'height': '135', 'url': 'https://ichef.bbci.co.uk/news/240/cpsprodpb/22b8/live/e46e8df0-5024-11ef-894a-b30f1ca6afb0.jpg'}]",
Ex-Hull and Derby defender Davies retires,"{'type': 'text/plain', 'language': None, 'base': 'https://feeds.bbci.co.uk/sport/football/rss.xml', 'value': 'Ex-Hull and Derby defender Davies retires'}",Former Hull City and Derby County defender Curtis Davies announces his retirement at the age of 39.,"{'type': 'text/html', 'language': None, 'base': 'https://feeds.bbci.co.uk/sport/football/rss.xml', 'value': 'Former Hull City and Derby County defender Curtis Davies announces his retirement at the age of 39.'}","[{'rel': 'alternate', 'type': 'text/html', 'href': 'https://www.bbc.com/sport/football/articles/cd1j1yvwlk2o'}]",https://www.bbc.com/sport/football/articles/cd1j1yvwlk2o,https://www.bbc.com/sport/football/articles/cd1j1yvwlk2o#1,False,"Fri, 02 Aug 2024 09:24:38 GMT","time.struct_time(tm_year=2024, tm_mon=8, tm_mday=2, tm_hour=9, tm_min=24, tm_sec=38, tm_wday=4, tm_yday=215, tm_isdst=0)","[{'width': '240', 'height': '134', 'url': 'https://ichef.bbci.co.uk/news/240/cpsprodpb/c78c/live/cb4505b0-50ac-11ef-b2d2-cdb23d5d7c5b.jpg'}]",
Man City sign Japan's Fujino on three-year deal,"{'type': 'text/plain', 'language': None, 'base': 'https://feeds.bbci.co.uk/sport/football/rss.xml', 'value': ""Man City sign Japan's Fujino on three-year deal""}",Manchester City sign Japan international Aoba Fujino on a three-year contract.,"{'type': 'text/html', 'language': None, 'base': 'https://feeds.bbci.co.uk/sport/football/rss.xml', 'value': 'Manchester City sign Japan international Aoba Fujino on a three-year contract.'}","[{'rel': 'alternate', 'type': 'text/html', 'href': 'https://www.bbc.com/sport/football/articles/c72025xklexo'}]",https://www.bbc.com/sport/football/articles/c72025xklexo,https://www.bbc.com/sport/football/articles/c72025xklexo#1,False,"Fri, 02 Aug 2024 09:00:37 GMT","time.struct_time(tm_year=2024, tm_mon=8, tm_mday=2, tm_hour=9, tm_min=0, tm_sec=37, tm_wday=4, tm_yday=215, tm_isdst=0)","[{'width': '240', 'height': '135', 'url': 'https://ichef.bbci.co.uk/news/240/cpsprodpb/64aa/live/22fd05f0-50a8-11ef-aebc-6de4d31bf5cd.jpg'}]",
Yoro out for three months and Hojlund six weeks,"{'type': 'text/plain', 'language': None, 'base': 'https://feeds.bbci.co.uk/sport/football/rss.xml', 'value': 'Yoro out for three months and Hojlund six weeks'}",New signing Leny Yoro and striker Rasmus Hojlund suffered injuries in Manchester United's friendly against Arsenal at the weekend.,"{'type': 'text/html', 'language': None, 'base': 'https://feeds.bbci.co.uk/sport/football/rss.xml', 'value': ""New signing Leny Yoro and striker Rasmus Hojlund suffered injuries in Manchester United's friendly against Arsenal at the weekend.""}","[{'rel': 'alternate', 'type': 'text/html', 'href': 'https://www.bbc.com/sport/football/articles/cg647g1q7w0o'}]",https://www.bbc.com/sport/football/articles/cg647g1q7w0o,https://www.bbc.com/sport/football/articles/cg647g1q7w0o#1,False,"Thu, 01 Aug 2024 05:31:48 GMT","time.struct_time(tm_year=2024, tm_mon=8, tm_mday=1, tm_hour=5, tm_min=31, tm_sec=48, tm_wday=3, tm_yday=214, tm_isdst=0)","[{'width': '240', 'height': '135', 'url': 'https://ichef.bbci.co.uk/news/240/cpsprodpb/e2f4/live/bd277a00-4fc4-11ef-98d9-4b9f4f2e6094.jpg'}]",
Watch: St Mirren progress with emphatic win,"{'type': 'text/plain', 'language': None, 'base': 'https://feeds.bbci.co.uk/sport/football/rss.xml', 'value': 'Watch: St Mirren progress with emphatic win'}",St Mirren beat Valur 4-1 on the night and on aggregate to reach the Conference League third qualifying round.,"{'type': 'text/html', 'language': None, 'base': 'https://feeds.bbci.co.uk/sport/football/rss.xml', 'value': 'St Mirren beat Valur 4-1 on the night and on aggregate to reach the Conference League third qualifying round.'}","[{'rel': 'alternate', 'type': 'text/html', 'href': 'https://www.bbc.com/sport/football/videos/cxw2wl91p4vo'}]",https://www.bbc.com/sport/football/videos/cxw2wl91p4vo,https://www.bbc.com/sport/football/videos/cxw2wl91p4vo#1,False,"Thu, 01 Aug 2024 22:18:20 GMT","time.struct_time(tm_year=2024, tm_mon=8, tm_mday=1, tm_hour=22, tm_min=18, tm_sec=20, tm_wday=3, tm_yday=214, tm_isdst=0)","[{'width': '240', 'height': '135', 'url': 'https://ichef.bbci.co.uk/news/240/cpsprodpb/5a06/live/dfd105a0-5053-11ef-8f0f-0577398c3339.jpg'}]",
Zaha & Stormzy - the non-league club with superstar owners,"{'type': 'text/plain', 'language': None, 'base': 'https://feeds.bbci.co.uk/sport/football/rss.xml', 'value': 'Zaha & Stormzy - the non-league club with superstar owners'}","As they prepare to play in the FA Cup extra preliminary round, AFC Croydon Athletic are dreaming big thanks to their high-profile co-owners.","{'type': 'text/html', 'language': None, 'base': 'https://feeds.bbci.co.uk/sport/football/rss.xml', 'value': 'As they prepare to play in the FA Cup extra preliminary round, AFC Croydon Athletic are dreaming big thanks to their high-profile co-owners.'}","[{'rel': 'alternate', 'type': 'text/html', 'href': 'https://www.bbc.com/sport/football/articles/c1dmj4kzxdro'}]",https://www.bbc.com/sport/football/articles/c1dmj4kzxdro,https://www.bbc.com/sport/football/articles/c1dmj4kzxdro#2,False,"Thu, 01 Aug 2024 06:30:44 GMT","time.struct_time(tm_year=2024, tm_mon=8, tm_mday=1, tm_hour=6, tm_min=30, tm_sec=44, tm_wday=3, tm_yday=214, tm_isdst=0)","[{'width': '240', 'height': '134', 'url': 'https://ichef.bbci.co.uk/news/240/cpsprodpb/c21d/live/c1c950f0-4e49-11ef-aebc-6de4d31bf5cd.png'}]",
Bernardo completes permanent move to Celtic,"{'type': 'text/plain', 'language': None, 'base': 'https://feeds.bbci.co.uk/sport/football/rss.xml', 'value': 'Bernardo completes permanent move to Celtic'}","Benfica midfielder Paulo Bernardo returns to Celtic in a permanent move, agreeing a five-year deal.","{'type': 'text/html', 'language': None, 'base': 'https://feeds.bbci.co.uk/sport/football/rss.xml', 'value': 'Benfica midfielder Paulo Bernardo returns to Celtic in a permanent move, agreeing a five-year deal.'}","[{'rel': 'alternate', 'type': 'text/html', 'href': 'https://www.bbc.com/sport/football/articles/ckrg5z4k491o'}]",https://www.bbc.com/sport/football/articles/ckrg5z4k491o,https://www.bbc.com/sport/football/articles/ckrg5z4k491o#2,False,"Thu, 01 Aug 2024 18:02:38 GMT","time.struct_time(tm_year=2024, tm_mon=8, tm_mday=1, tm_hour=18, tm_min=2, tm_sec=38, tm_wday=3, tm_yday=214, tm_isdst=0)","[{'width': '240', 'height': '135', 'url': 'https://ichef.bbci.co.uk/news/240/cpsprodpb/2481/live/e8b1c5d0-5038-11ef-8661-8142c258b304.jpg'}]",
Nottingham Forest sign Portugal forward Silva,"{'type': 'text/plain', 'language': None, 'base': 'https://feeds.bbci.co.uk/sport/football/rss.xml', 'value': 'Nottingham Forest sign Portugal forward Silva'}",Portugal and Vitoria forward Jota Silva has signed a four-year deal with Nottingham Forest.,"{'type': 'text/html', 'language': None, 'base': 'https://feeds.bbci.co.uk/sport/football/rss.xml', 'value': 'Portugal and Vitoria forward Jota Silva has signed a four-year deal with Nottingham Forest.'}","[{'rel': 'alternate', 'type': 'text/html', 'href': 'https://www.bbc.com/sport/football/articles/c4ng10n82xdo'}]",https://www.bbc.com/sport/football/articles/c4ng10n82xdo,https://www.bbc.com/sport/football/articles/c4ng10n82xdo#2,False,"Thu, 01 Aug 2024 10:15:45 GMT","time.struct_time(tm_year=2024, tm_mon=8, tm_mday=1, tm_hour=10, tm_min=15, tm_sec=45, tm_wday=3, tm_yday=214, tm_isdst=0)","[{'width': '240', 'height': '135', 'url': 'https://ichef.bbci.co.uk/news/240/cpsprodpb/f2c1/live/8c79bf80-4fec-11ef-a2b2-651941bfb3ca.jpg'}]",
Who to watch out for as Scottish Premiership kicks off,"{'type': 'text/plain', 'language': None, 'base': 'https://feeds.bbci.co.uk/sport/football/rss.xml', 'value': 'Who to watch out for as Scottish Premiership kicks off'}",There are plenty of new faces who will be attracting attention as the Scottish Premiership season begins this weekend.,"{'type': 'text/html', 'language': None, 'base': 'https://feeds.bbci.co.uk/sport/football/rss.xml', 'value': 'There are plenty of new faces who will be attracting attention as the Scottish Premiership season begins this weekend.'}","[{'rel': 'alternate', 'type': 'text/html', 'href': 'https://www.bbc.com/sport/football/articles/c1346l5vldko'}]",https://www.bbc.com/sport/football/articles/c1346l5vldko,https://www.bbc.com/sport/football/articles/c1346l5vldko#2,False,"Thu, 01 Aug 2024 13:45:58 GMT","time.struct_time(tm_year=2024, tm_mon=8, tm_mday=1, tm_hour=13, tm_min=45, tm_sec=58, tm_wday=3, tm_yday=214, tm_isdst=0)","[{'width': '240', 'height': '135', 'url': 'https://ichef.bbci.co.uk/news/240/cpsprodpb/0280/live/a894e600-4fff-11ef-aebc-6de4d31bf5cd.png'}]",
Football Daily,"{'type': 'text/plain', 'language': None, 'base': 'https://feeds.bbci.co.uk/sport/football/rss.xml', 'value': 'Football Daily'}",Explore how Pep Guardiola went from rookie manager to Barcelona’s treble-winning coach.,"{'type': 'text/html', 'language': None, 'base': 'https://feeds.bbci.co.uk/sport/football/rss.xml', 'value': 'Explore how Pep Guardiola went from rookie manager to Barcelona’s treble-winning coach.'}","[{'rel': 'alternate', 'type': 'text/html', 'href': 'https://www.bbc.co.uk/sounds/play/p0jdh258'}]",https://www.bbc.co.uk/sounds/play/p0jdh258,https://www.bbc.co.uk/sounds/play/p0jdh258#2,False,"Fri, 02 Aug 2024 00:05:00 GMT","time.struct_time(tm_year=2024, tm_mon=8, tm_mday=2, tm_hour=0, tm_min=5, tm_sec=0, tm_wday=4, tm_yday=215, tm_isdst=0)","[{'width': '240', 'height': '135', 'url': 'https://ichef.bbci.co.uk/images/ic/240x135/p0jdh26c.jpg'}]",
Saudi 2034 plans include stadium 350m above ground,"{'type': 'text/plain', 'language': None, 'base': 'https://feeds.bbci.co.uk/sport/football/rss.xml', 'value': 'Saudi 2034 plans include stadium 350m above ground'}",Saudi Arabia has submitted plans to build 11 stadiums - including one 350 metres above ground level - as part of its bid to host the 2034 World Cup.,"{'type': 'text/html', 'language': None, 'base': 'https://feeds.bbci.co.uk/sport/football/rss.xml', 'value': 'Saudi Arabia has submitted plans to build 11 stadiums - including one 350 metres above ground level - as part of its bid to host the 2034 World Cup.'}","[{'rel': 'alternate', 'type': 'text/html', 'href': 'https://www.bbc.com/sport/football/articles/cqqlnel9z32o'}]",https://www.bbc.com/sport/football/articles/cqqlnel9z32o,https://www.bbc.com/sport/football/articles/cqqlnel9z32o#2,False,"Thu, 01 Aug 2024 11:37:24 GMT","time.struct_time(tm_year=2024, tm_mon=8, tm_mday=1, tm_hour=11, tm_min=37, tm_sec=24, tm_wday=3, tm_yday=214, tm_isdst=0)","[{'width': '240', 'height': '134', 'url': 'https://ichef.bbci.co.uk/news/240/cpsprodpb/1be6/live/972f6a20-4ffa-11ef-9233-431e413bf6b2.jpg'}]",
Watch: Kilmarnock lose out to Cercle Bruges,"{'type': 'text/plain', 'language': None, 'base': 'https://feeds.bbci.co.uk/sport/football/rss.xml', 'value': 'Watch: Kilmarnock lose out to Cercle Bruges'}",Kilmarnock miss out on the Europa League third qualifying round after losing 1-0 to Cercle Bruges for a 2-1 aggregate defeat (UK only).,"{'type': 'text/html', 'language': None, 'base': 'https://feeds.bbci.co.uk/sport/football/rss.xml', 'value': 'Kilmarnock miss out on the Europa League third qualifying round after losing 1-0 to Cercle Bruges for a 2-1 aggregate defeat (UK only).'}","[{'rel': 'alternate', 'type': 'text/html', 'href': 'https://www.bbc.com/sport/football/videos/cw0y05k2z96o'}]",https://www.bbc.com/sport/football/videos/cw0y05k2z96o,https://www.bbc.com/sport/football/videos/cw0y05k2z96o#2,False,"Thu, 01 Aug 2024 22:02:09 GMT","time.struct_time(tm_year=2024, tm_mon=8, tm_mday=1, tm_hour=22, tm_min=2, tm_sec=9, tm_wday=3, tm_yday=214, tm_isdst=0)","[{'width': '240', 'height': '135', 'url': 'https://ichef.bbci.co.uk/news/240/cpsprodpb/fb3d/live/d3dddb80-5051-11ef-8f0f-0577398c3339.jpg'}]",
Her last Olympic act? Brazil Marta's sent off against Spain,"{'type': 'text/plain', 'language': None, 'base': 'https://feeds.bbci.co.uk/sport/football/rss.xml', 'value': ""Her last Olympic act? Brazil Marta's sent off against Spain""}",Watch as Brazil's captain Marta is shown a red card for a high tackle against Spain's Olga Carmona in the women's football on day five of the Paris 2024 Olympics.,"{'type': 'text/html', 'language': None, 'base': 'https://feeds.bbci.co.uk/sport/football/rss.xml', 'value': ""Watch as Brazil's captain Marta is shown a red card for a high tackle against Spain's Olga Carmona in the women's football on day five of the Paris 2024 Olympics.""}","[{'rel': 'alternate', 'type': 'text/html', 'href': 'https://www.bbc.com/sport/olympics/videos/cmm23zy3v8eo'}]",https://www.bbc.com/sport/olympics/videos/cmm23zy3v8eo,https://www.bbc.com/sport/olympics/videos/cmm23zy3v8eo#3,False,"Wed, 31 Jul 2024 19:30:50 GMT","time.struct_time(tm_year=2024, tm_mon=7, tm_mday=31, tm_hour=19, tm_min=30, tm_sec=50, tm_wday=2, tm_yday=213, tm_isdst=0)","[{'width': '240', 'height': '135', 'url': 'https://ichef.bbci.co.uk/news/240/cpsprodpb/4af2/live/362a0670-4f70-11ef-aebc-6de4d31bf5cd.jpg'}]",
Kitagawa scores 'incredible' free kick - goals of the day,"{'type': 'text/plain', 'language': None, 'base': 'https://feeds.bbci.co.uk/sport/football/rss.xml', 'value': ""Kitagawa scores 'incredible' free kick - goals of the day""}",Watch the goals of the day from the final round of group games in the women's football at the Paris 2024 Olympics.,"{'type': 'text/html', 'language': None, 'base': 'https://feeds.bbci.co.uk/sport/football/rss.xml', 'value': ""Watch the goals of the day from the final round of group games in the women's football at the Paris 2024 Olympics.""}","[{'rel': 'alternate', 'type': 'text/html', 'href': 'https://www.bbc.com/sport/olympics/videos/c6p2ylq75elo'}]",https://www.bbc.com/sport/olympics/videos/c6p2ylq75elo,https://www.bbc.com/sport/olympics/videos/c6p2ylq75elo#3,False,"Wed, 31 Jul 2024 22:46:13 GMT","time.struct_time(tm_year=2024, tm_mon=7, tm_mday=31, tm_hour=22, tm_min=46, tm_sec=13, tm_wday=2, tm_yday=213, tm_isdst=0)","[{'width': '240', 'height': '135', 'url': 'https://ichef.bbci.co.uk/news/240/cpsprodpb/2524/live/c0905b40-4f87-11ef-aebc-6de4d31bf5cd.jpg'}]",
Spain beat Brazil as Marta sent off - highlights,"{'type': 'text/plain', 'language': None, 'base': 'https://feeds.bbci.co.uk/sport/football/rss.xml', 'value': 'Spain beat Brazil as Marta sent off - highlights'}",Watch highlights as Spain beat Brazil 2-0 in a final group game which sees Marta sent off at the Paris 2024 Olympics.,"{'type': 'text/html', 'language': None, 'base': 'https://feeds.bbci.co.uk/sport/football/rss.xml', 'value': 'Watch highlights as Spain beat Brazil 2-0 in a final group game which sees Marta sent off at the Paris 2024 Olympics.'}","[{'rel': 'alternate', 'type': 'text/html', 'href': 'https://www.bbc.com/sport/olympics/videos/c99wz1ed815o'}]",https://www.bbc.com/sport/olympics/videos/c99wz1ed815o,https://www.bbc.com/sport/olympics/videos/c99wz1ed815o#3,False,"Wed, 31 Jul 2024 20:12:14 GMT","time.struct_time(tm_year=2024, tm_mon=7, tm_mday=31, tm_hour=20, tm_min=12, tm_sec=14, tm_wday=2, tm_yday=213, tm_isdst=0)","[{'width': '240', 'height': '135', 'url': 'https://ichef.bbci.co.uk/news/240/cpsprodpb/f229/live/c410d170-4f71-11ef-b2d2-cdb23d5d7c5b.jpg'}]",
'What a strike!' - watch the best goals from day four at Paris 2024,"{'type': 'text/plain', 'language': None, 'base': 'https://feeds.bbci.co.uk/sport/football/rss.xml', 'value': ""'What a strike!' - watch the best goals from day four at Paris 2024""}","Watch the best goals from day four at Paris 2024, with Jean-Phillipe Mateta and Thiago Almada among the names on the scoresheet.","{'type': 'text/html', 'language': None, 'base': 'https://feeds.bbci.co.uk/sport/football/rss.xml', 'value': 'Watch the best goals from day four at Paris 2024, with Jean-Phillipe Mateta and Thiago Almada among the names on the scoresheet.'}","[{'rel': 'alternate', 'type': 'text/html', 'href': 'https://www.bbc.com/sport/olympics/videos/cn07448rdk4o'}]",https://www.bbc.com/sport/olympics/videos/cn07448rdk4o,https://www.bbc.com/sport/olympics/videos/cn07448rdk4o#3,False,"Tue, 30 Jul 2024 22:08:38 GMT","time.struct_time(tm_year=2024, tm_mon=7, tm_mday=30, tm_hour=22, tm_min=8, tm_sec=38, tm_wday=1, tm_yday=212, tm_isdst=0)","[{'width': '240', 'height': '135', 'url': 'https://ichef.bbci.co.uk/news/240/cpsprodpb/404b/live/4f0926c0-4ebd-11ef-b2d2-cdb23d5d7c5b.jpg'}]",
An emotional week for Endrick - Ancelotti,"{'type': 'text/plain', 'language': None, 'base': 'https://feeds.bbci.co.uk/sport/football/rss.xml', 'value': 'An emotional week for Endrick - Ancelotti'}",Real Madrid manager Carlo Ancelotti discusses Endrick's emotional week after the Brazil forward was officially unveiled at the Bernabeu.,"{'type': 'text/html', 'language': None, 'base': 'https://feeds.bbci.co.uk/sport/football/rss.xml', 'value': ""Real Madrid manager Carlo Ancelotti discusses Endrick's emotional week after the Brazil forward was officially unveiled at the Bernabeu.""}","[{'rel': 'alternate', 'type': 'text/html', 'href': 'https://www.bbc.com/sport/football/videos/c0473gdxnk1o'}]",https://www.bbc.com/sport/football/videos/c0473gdxnk1o,https://www.bbc.com/sport/football/videos/c0473gdxnk1o#3,False,"Wed, 31 Jul 2024 10:17:45 GMT","time.struct_time(tm_year=2024, tm_mon=7, tm_mday=31, tm_hour=10, tm_min=17, tm_sec=45, tm_wday=2, tm_yday=213, tm_isdst=0)","[{'width': '240', 'height': '135', 'url': 'https://ichef.bbci.co.uk/news/240/cpsprodpb/e571/live/d831c470-4f21-11ef-b2d2-cdb23d5d7c5b.jpg'}]",
Grealish 'absolutely heartbroken' by England Euro 2024 omission,"{'type': 'text/plain', 'language': None, 'base': 'https://feeds.bbci.co.uk/sport/football/rss.xml', 'value': ""Grealish 'absolutely heartbroken' by England Euro 2024 omission""}","Manchester City forward Jack Grealish says not being included in the England squad for Euro 2024 was his ""hardest moment as a footballer"".","{'type': 'text/html', 'language': None, 'base': 'https://feeds.bbci.co.uk/sport/football/rss.xml', 'value': 'Manchester City forward Jack Grealish says not being included in the England squad for Euro 2024 was his ""hardest moment as a footballer"".'}","[{'rel': 'alternate', 'type': 'text/html', 'href': 'https://www.bbc.com/sport/football/videos/cxw2zgrlggxo'}]",https://www.bbc.com/sport/football/videos/cxw2zgrlggxo,https://www.bbc.com/sport/football/videos/cxw2zgrlggxo#3,False,"Tue, 30 Jul 2024 11:07:20 GMT","time.struct_time(tm_year=2024, tm_mon=7, tm_mday=30, tm_hour=11, tm_min=7, tm_sec=20, tm_wday=1, tm_yday=212, tm_isdst=0)","[{'width': '240', 'height': '135', 'url': 'https://ichef.bbci.co.uk/news/240/cpsprodpb/fa6f/live/ba5af760-4e62-11ef-aebc-6de4d31bf5cd.jpg'}]",
Arsenal is the best project for me - Calafiori,"{'type': 'text/plain', 'language': None, 'base': 'https://feeds.bbci.co.uk/sport/football/rss.xml', 'value': 'Arsenal is the best project for me - Calafiori'}","Italy defender Riccardo Calafiori says Arsenal is ""the best project for me"" after joining from Bologna for a fee of up to £42m.","{'type': 'text/html', 'language': None, 'base': 'https://feeds.bbci.co.uk/sport/football/rss.xml', 'value': 'Italy defender Riccardo Calafiori says Arsenal is ""the best project for me"" after joining from Bologna for a fee of up to £42m.'}","[{'rel': 'alternate', 'type': 'text/html', 'href': 'https://www.bbc.com/sport/football/videos/c134dvlkmdgo'}]",https://www.bbc.com/sport/football/videos/c134dvlkmdgo,https://www.bbc.com/sport/football/videos/c134dvlkmdgo#5,False,"Tue, 30 Jul 2024 08:35:13 GMT","time.struct_time(tm_year=2024, tm_mon=7, tm_mday=30, tm_hour=8, tm_min=35, tm_sec=13, tm_wday=1, tm_yday=212, tm_isdst=0)","[{'width': '240', 'height': '135', 'url': 'https://ichef.bbci.co.uk/news/240/cpsprodpb/4dd1/live/4cec4100-4e4b-11ef-8f0f-0577398c3339.jpg'}]",
I'm at Real Madrid because of Ronaldo – Endrick,"{'type': 'text/plain', 'language': None, 'base': 'https://feeds.bbci.co.uk/sport/football/rss.xml', 'value': ""I'm at Real Madrid because of Ronaldo – Endrick""}",Brazilian 18-year-old Endrick says he moved to Real Madrid because of Cristiano Ronaldo after being officially unveiled at the Bernabeu.,"{'type': 'text/html', 'language': None, 'base': 'https://feeds.bbci.co.uk/sport/football/rss.xml', 'value': 'Brazilian 18-year-old Endrick says he moved to Real Madrid because of Cristiano Ronaldo after being officially unveiled at the Bernabeu.'}","[{'rel': 'alternate', 'type': 'text/html', 'href': 'https://www.bbc.com/sport/football/videos/c2x0j0eyzl4o'}]",https://www.bbc.com/sport/football/videos/c2x0j0eyzl4o,https://www.bbc.com/sport/football/videos/c2x0j0eyzl4o#5,False,"Mon, 29 Jul 2024 10:10:05 GMT","time.struct_time(tm_year=2024, tm_mon=7, tm_mday=29, tm_hour=10, tm_min=10, tm_sec=5, tm_wday=0, tm_yday=211, tm_isdst=0)","[{'width': '240', 'height': '135', 'url': 'https://ichef.bbci.co.uk/news/240/cpsprodpb/c337/live/90f1b870-4d8e-11ef-b2d2-cdb23d5d7c5b.jpg'}]",
'Expertly finished!' - Williams scores early second-half goal for Spain,"{'type': 'text/plain', 'language': None, 'base': 'https://feeds.bbci.co.uk/sport/football/rss.xml', 'value': ""'Expertly finished!' - Williams scores early second-half goal for Spain""}",Spain winger Nico Williams scores the opening goal in the Euro 2024 final against England in Berlin.,"{'type': 'text/html', 'language': None, 'base': 'https://feeds.bbci.co.uk/sport/football/rss.xml', 'value': 'Spain winger Nico Williams scores the opening goal in the Euro 2024 final against England in Berlin.'}","[{'rel': 'alternate', 'type': 'text/html', 'href': 'https://www.bbc.com/sport/football/videos/cgerqqred4ro'}]",https://www.bbc.com/sport/football/videos/cgerqqred4ro,https://www.bbc.com/sport/football/videos/cgerqqred4ro#5,False,"Sun, 14 Jul 2024 20:15:57 GMT","time.struct_time(tm_year=2024, tm_mon=7, tm_mday=14, tm_hour=20, tm_min=15, tm_sec=57, tm_wday=6, tm_yday=196, tm_isdst=0)","[{'width': '240', 'height': '135', 'url': 'https://ichef.bbci.co.uk/news/240/cpsprodpb/551d/live/78b3d170-421d-11ef-96a8-e710c6bfc866.jpg'}]",
Arsenal monitored Calafiori for a year - Arteta,"{'type': 'text/plain', 'language': None, 'base': 'https://feeds.bbci.co.uk/sport/football/rss.xml', 'value': 'Arsenal monitored Calafiori for a year - Arteta'}",Manager Mikel Arteta says Arsenal monitored Italy defender Riccardo Calafiori for more than a year before signing him for £42m.,"{'type': 'text/html', 'language': None, 'base': 'https://feeds.bbci.co.uk/sport/football/rss.xml', 'value': 'Manager Mikel Arteta says Arsenal monitored Italy defender Riccardo Calafiori for more than a year before signing him for £42m.'}","[{'rel': 'alternate', 'type': 'text/html', 'href': 'https://www.bbc.com/sport/football/videos/cv2gyw041zjo'}]",https://www.bbc.com/sport/football/videos/cv2gyw041zjo,https://www.bbc.com/sport/football/videos/cv2gyw041zjo#5,False,"Tue, 30 Jul 2024 07:48:19 GMT","time.struct_time(tm_year=2024, tm_mon=7, tm_mday=30, tm_hour=7, tm_min=48, tm_sec=19, tm_wday=1, tm_yday=212, tm_isdst=0)","[{'width': '240', 'height': '135', 'url': 'https://ichef.bbci.co.uk/news/240/cpsprodpb/9d33/live/6fbc0e00-4e45-11ef-8f0f-0577398c3339.jpg'}]",
Australia beat Zambia in incredible 11-goal thriller,"{'type': 'text/plain', 'language': None, 'base': 'https://feeds.bbci.co.uk/sport/football/rss.xml', 'value': 'Australia beat Zambia in incredible 11-goal thriller'}","Watch highlights as Australia beat Zambia 6-5 in their second match at the 2024 Paris Olympics, having trailed 4-2 at half time.","{'type': 'text/html', 'language': None, 'base': 'https://feeds.bbci.co.uk/sport/football/rss.xml', 'value': 'Watch highlights as Australia beat Zambia 6-5 in their second match at the 2024 Paris Olympics, having trailed 4-2 at half time.'}","[{'rel': 'alternate', 'type': 'text/html', 'href': 'https://www.bbc.com/sport/olympics/videos/c724g79wj9wo'}]",https://www.bbc.com/sport/olympics/videos/c724g79wj9wo,https://www.bbc.com/sport/olympics/videos/c724g79wj9wo#5,False,"Sun, 28 Jul 2024 21:32:56 GMT","time.struct_time(tm_year=2024, tm_mon=7, tm_mday=28, tm_hour=21, tm_min=32, tm_sec=56, tm_wday=6, tm_yday=210, tm_isdst=0)","[{'width': '240', 'height': '135', 'url': 'https://ichef.bbci.co.uk/news/240/cpsprodpb/1a52/live/5c9229b0-4d2b-11ef-8f0f-0577398c3339.jpg'}]",
'Absolutely excellent' - Japan late winner features in goals of day,"{'type': 'text/plain', 'language': None, 'base': 'https://feeds.bbci.co.uk/sport/football/rss.xml', 'value': ""'Absolutely excellent' - Japan late winner features in goals of day""}",Watch the goals of the day from the second round of women's football matches at the 2024 Paris Olympics.,"{'type': 'text/html', 'language': None, 'base': 'https://feeds.bbci.co.uk/sport/football/rss.xml', 'value': ""Watch the goals of the day from the second round of women's football matches at the 2024 Paris Olympics.""}","[{'rel': 'alternate', 'type': 'text/html', 'href': 'https://www.bbc.com/sport/olympics/videos/c0xjl67v0q4o'}]",https://www.bbc.com/sport/olympics/videos/c0xjl67v0q4o,https://www.bbc.com/sport/olympics/videos/c0xjl67v0q4o#5,False,"Sun, 28 Jul 2024 21:23:46 GMT","time.struct_time(tm_year=2024, tm_mon=7, tm_mday=28, tm_hour=21, tm_min=23, tm_sec=46, tm_wday=6, tm_yday=210, tm_isdst=0)","[{'width': '240', 'height': '135', 'url': 'https://ichef.bbci.co.uk/news/240/cpsprodpb/e430/live/8dbe5570-4d23-11ef-aebc-6de4d31bf5cd.jpg'}]",
What secrets will this 17th century galleon reveal?,"{'type': 'text/plain', 'language': None, 'base': 'https://feeds.bbci.co.uk/sport/football/rss.xml', 'value': 'What secrets will this 17th century galleon reveal?'}","The Vasa, the majestic Swedish galleon, sank just after setting off on her maiden voyage","{'type': 'text/html', 'language': None, 'base': 'https://feeds.bbci.co.uk/sport/football/rss.xml', 'value': 'The Vasa, the majestic Swedish galleon, sank just after setting off on her maiden voyage'}","[{'rel': 'alternate', 'type': 'text/html', 'href': 'https://www.bbc.co.uk/iplayer/episode/m001zyvm/vasa-the-ghost-ship?at_mid=9PO8wl2wWO&at_campaign=TLEO_Vasa_The_Ghost_Ship&at_medium=display_ad&at_campaign_type=owned&at_audience_id=SS&at_product=iplayer&at_brand=m001zyvm&at_ptr_name=bbc&at_ptr_type=media&at_format=image&at_objective=consumption&at_link_title=TLEO_Vasa_The_Ghost_Ship&at_bbc_team=BBC'}]",https://www.bbc.co.uk/iplayer/episode/m001zyvm/vasa-the-ghost-ship?at_mid=9PO8wl2wWO&at_campaign=TLEO_Vasa_The_Ghost_Ship&at_medium=display_ad&at_campaign_type=owned&at_audience_id=SS&at_product=iplayer&at_brand=m001zyvm&at_ptr_name=bbc&at_ptr_type=media&at_format=image&at_objective=consumption&at_link_title=TLEO_Vasa_The_Ghost_Ship&at_bbc_team=BBC,https://www.bbc.co.uk/iplayer/episode/m001zyvm/vasa-the-ghost-ship?at_mid=9PO8wl2wWO&at_campaign=TLEO_Vasa_The_Ghost_Ship&at_medium=display_ad&at_campaign_type=owned&at_audience_id=SS&at_product=iplayer&at_brand=m001zyvm&at_ptr_name=bbc&at_ptr_type=media&at_format=image&at_objective=consumption&at_link_title=TLEO_Vasa_The_Ghost_Ship&at_bbc_team=BBC#6,False,"Mon, 03 Jun 2024 05:00:00 GMT","time.struct_time(tm_year=2024, tm_mon=6, tm_mday=3, tm_hour=5, tm_min=0, tm_sec=0, tm_wday=0, tm_yday=155, tm_isdst=0)","[{'width': '240', 'height': '135', 'url': 'https://ichef.bbci.co.uk/ace/standard/240/cpsprodpb/58a7/live/540c33e0-4fdc-11ef-8f0f-0577398c3339.jpg'}]",
Benedict Cumberbatch stars in a historical spy drama,"{'type': 'text/plain', 'language': None, 'base': 'https://feeds.bbci.co.uk/sport/football/rss.xml', 'value': 'Benedict Cumberbatch stars in a historical spy drama'}",Salesman Greville Wynne is recruited to infiltrate Cold War Moscow,"{'type': 'text/html', 'language': None, 'base': 'https://feeds.bbci.co.uk/sport/football/rss.xml', 'value': 'Salesman Greville Wynne is recruited to infiltrate Cold War Moscow'}","[{'rel': 'alternate', 'type': 'text/html', 'href': 'https://www.bbc.co.uk/iplayer/episode/m001ty41/the-courier?at_mid=wBoHkCp09n&at_campaign=TLEO_The_Courier&at_medium=display_ad&at_campaign_type=owned&at_audience_id=SS&at_product=iplayer&at_brand=m001ty41&at_ptr_name=bbc&at_ptr_type=media&at_format=image&at_objective=consumption&at_link_title=TLEO_The_Courier&at_bbc_team=BBC'}]",https://www.bbc.co.uk/iplayer/episode/m001ty41/the-courier?at_mid=wBoHkCp09n&at_campaign=TLEO_The_Courier&at_medium=display_ad&at_campaign_type=owned&at_audience_id=SS&at_product=iplayer&at_brand=m001ty41&at_ptr_name=bbc&at_ptr_type=media&at_format=image&at_objective=consumption&at_link_title=TLEO_The_Courier&at_bbc_team=BBC,https://www.bbc.co.uk/iplayer/episode/m001ty41/the-courier?at_mid=wBoHkCp09n&at_campaign=TLEO_The_Courier&at_medium=display_ad&at_campaign_type=owned&at_audience_id=SS&at_product=iplayer&at_brand=m001ty41&at_ptr_name=bbc&at_ptr_type=media&at_format=image&at_objective=consumption&at_link_title=TLEO_The_Courier&at_bbc_team=BBC#6,False,"Sat, 20 Jul 2024 23:50:28 GMT","time.struct_time(tm_year=2024, tm_mon=7, tm_mday=20, tm_hour=23, tm_min=50, tm_sec=28, tm_wday=5, tm_yday=202, tm_isdst=0)","[{'width': '240', 'height': '135', 'url': 'https://ichef.bbci.co.uk/ace/standard/240/cpsprodpb/cc09/live/12477aa0-4f5a-11ef-aebc-6de4d31bf5cd.jpg'}]",
Rangers manager Clement agrees new deal,"{'type': 'text/plain', 'language': None, 'base': 'https://feeds.bbci.co.uk/sport/football/rss.xml', 'value': 'Rangers manager Clement agrees new deal'}",Rangers manager Philippe Clement signs a contract extension until the summer of 2028.,"{'type': 'text/html', 'language': None, 'base': 'https://feeds.bbci.co.uk/sport/football/rss.xml', 'value': 'Rangers manager Philippe Clement signs a contract extension until the summer of 2028.'}","[{'rel': 'alternate', 'type': 'text/html', 'href': 'https://www.bbc.com/sport/football/articles/c03l3n8p9ejo'}]",https://www.bbc.com/sport/football/articles/c03l3n8p9ejo,https://www.bbc.com/sport/football/articles/c03l3n8p9ejo#7,False,"Fri, 02 Aug 2024 09:28:23 GMT","time.struct_time(tm_year=2024, tm_mon=8, tm_mday=2, tm_hour=9, tm_min=28, tm_sec=23, tm_wday=4, tm_yday=215, tm_isdst=0)","[{'width': '240', 'height': '135', 'url': 'https://ichef.bbci.co.uk/news/240/cpsprodpb/34d4/live/5adde620-50b1-11ef-9462-ef4aa241f684.jpg'}]",
'Celtic hold all the aces at home amid clamour for more ambition',"{'type': 'text/plain', 'language': None, 'base': 'https://feeds.bbci.co.uk/sport/football/rss.xml', 'value': ""'Celtic hold all the aces at home amid clamour for more ambition'""}","Celtic begin the quest for yet another title in a position of strength but manager Brendan Rodgers ""does not want to live in a comfort zone"", writes Tom English.","{'type': 'text/html', 'language': None, 'base': 'https://feeds.bbci.co.uk/sport/football/rss.xml', 'value': 'Celtic begin the quest for yet another title in a position of strength but manager Brendan Rodgers ""does not want to live in a comfort zone"", writes Tom English.'}","[{'rel': 'alternate', 'type': 'text/html', 'href': 'https://www.bbc.com/sport/football/articles/c87rz2p3k8mo'}]",https://www.bbc.com/sport/football/articles/c87rz2p3k8mo,https://www.bbc.com/sport/football/articles/c87rz2p3k8mo#7,False,"Fri, 02 Aug 2024 07:25:59 GMT","time.struct_time(tm_year=2024, tm_mon=8, tm_mday=2, tm_hour=7, tm_min=25, tm_sec=59, tm_wday=4, tm_yday=215, tm_isdst=0)","[{'width': '240', 'height': '135', 'url': 'https://ichef.bbci.co.uk/news/240/cpsprodpb/7738/live/5c1e0320-4ff4-11ef-84d2-6dfa3a7469fb.jpg'}]",
Hearts move for Colombia defender - gossip,"{'type': 'text/plain', 'language': None, 'base': 'https://feeds.bbci.co.uk/sport/football/rss.xml', 'value': 'Hearts move for Colombia defender - gossip'}",Hearts look to South America as Celtic rekindle interest in a January target...,"{'type': 'text/html', 'language': None, 'base': 'https://feeds.bbci.co.uk/sport/football/rss.xml', 'value': 'Hearts look to South America as Celtic rekindle interest in a January target...'}","[{'rel': 'alternate', 'type': 'text/html', 'href': 'https://www.bbc.com/sport/football/articles/clmymrr7789o'}]",https://www.bbc.com/sport/football/articles/clmymrr7789o,https://www.bbc.com/sport/football/articles/clmymrr7789o#7,False,"Fri, 02 Aug 2024 06:59:17 GMT","time.struct_time(tm_year=2024, tm_mon=8, tm_mday=2, tm_hour=6, tm_min=59, tm_sec=17, tm_wday=4, tm_yday=215, tm_isdst=0)","[{'width': '240', 'height': '134', 'url': 'https://ichef.bbci.co.uk/news/240/cpsprodpb/93ca/live/45d82c50-509c-11ef-b41a-fb1e1c297e6e.png'}]",
Bernardo completes permanent move to Celtic,"{'type': 'text/plain', 'language': None, 'base': 'https://feeds.bbci.co.uk/sport/football/rss.xml', 'value': 'Bernardo completes permanent move to Celtic'}","Benfica midfielder Paulo Bernardo returns to Celtic in a permanent move, agreeing a five-year deal.","{'type': 'text/html', 'language': None, 'base': 'https://feeds.bbci.co.uk/sport/football/rss.xml', 'value': 'Benfica midfielder Paulo Bernardo returns to Celtic in a permanent move, agreeing a five-year deal.'}","[{'rel': 'alternate', 'type': 'text/html', 'href': 'https://www.bbc.com/sport/football/articles/ckrg5z4k491o'}]",https://www.bbc.com/sport/football/articles/ckrg5z4k491o,https://www.bbc.com/sport/football/articles/ckrg5z4k491o#7,False,"Thu, 01 Aug 2024 18:02:38 GMT","time.struct_time(tm_year=2024, tm_mon=8, tm_mday=1, tm_hour=18, tm_min=2, tm_sec=38, tm_wday=3, tm_yday=214, tm_isdst=0)","[{'width': '240', 'height': '135', 'url': 'https://ichef.bbci.co.uk/news/240/cpsprodpb/2481/live/e8b1c5d0-5038-11ef-8661-8142c258b304.jpg'}]",
Impossible to call? What to look out for in the Scottish Championship,"{'type': 'text/plain', 'language': None, 'base': 'https://feeds.bbci.co.uk/sport/football/rss.xml', 'value': 'Impossible to call? What to look out for in the Scottish Championship'}","Perhaps even more than any other in recent history, it is well-nigh impossible to predict who will go up as champions from the second tier.","{'type': 'text/html', 'language': None, 'base': 'https://feeds.bbci.co.uk/sport/football/rss.xml', 'value': 'Perhaps even more than any other in recent history, it is well-nigh impossible to predict who will go up as champions from the second tier.'}","[{'rel': 'alternate', 'type': 'text/html', 'href': 'https://www.bbc.com/sport/football/articles/czd987nn4jqo'}]",https://www.bbc.com/sport/football/articles/czd987nn4jqo,https://www.bbc.com/sport/football/articles/czd987nn4jqo#7,False,"Thu, 01 Aug 2024 13:18:29 GMT","time.struct_time(tm_year=2024, tm_mon=8, tm_mday=1, tm_hour=13, tm_min=18, tm_sec=29, tm_wday=3, tm_yday=214, tm_isdst=0)","[{'width': '240', 'height': '135', 'url': 'https://ichef.bbci.co.uk/news/240/cpsprodpb/7a69/live/a68dc400-5002-11ef-8f0f-0577398c3339.png'}]",
Nottingham Forest sign Portugal forward Silva,"{'type': 'text/plain', 'language': None, 'base': 'https://feeds.bbci.co.uk/sport/football/rss.xml', 'value': 'Nottingham Forest sign Portugal forward Silva'}",Portugal and Vitoria forward Jota Silva has signed a four-year deal with Nottingham Forest.,"{'type': 'text/html', 'language': None, 'base': 'https://feeds.bbci.co.uk/sport/football/rss.xml', 'value': 'Portugal and Vitoria forward Jota Silva has signed a four-year deal with Nottingham Forest.'}","[{'rel': 'alternate', 'type': 'text/html', 'href': 'https://www.bbc.com/sport/football/articles/c4ng10n82xdo'}]",https://www.bbc.com/sport/football/articles/c4ng10n82xdo,https://www.bbc.com/sport/football/articles/c4ng10n82xdo#8,False,"Thu, 01 Aug 2024 10:15:45 GMT","time.struct_time(tm_year=2024, tm_mon=8, tm_mday=1, tm_hour=10, tm_min=15, tm_sec=45, tm_wday=3, tm_yday=214, tm_isdst=0)","[{'width': '240', 'height': '135', 'url': 'https://ichef.bbci.co.uk/news/240/cpsprodpb/f2c1/live/8c79bf80-4fec-11ef-a2b2-651941bfb3ca.jpg'}]",
Palace sign ex-Watford winger Sarr from Marseille,"{'type': 'text/plain', 'language': None, 'base': 'https://feeds.bbci.co.uk/sport/football/rss.xml', 'value': 'Palace sign ex-Watford winger Sarr from Marseille'}",Crystal Palace sign winger Ismaila Sarr from Marseille for a fee in the region of £12.5m.,"{'type': 'text/html', 'language': None, 'base': 'https://feeds.bbci.co.uk/sport/football/rss.xml', 'value': 'Crystal Palace sign winger Ismaila Sarr from Marseille for a fee in the region of £12.5m.'}","[{'rel': 'alternate', 'type': 'text/html', 'href': 'https://www.bbc.com/sport/football/articles/c1rwvv1d07po'}]",https://www.bbc.com/sport/football/articles/c1rwvv1d07po,https://www.bbc.com/sport/football/articles/c1rwvv1d07po#8,False,"Thu, 01 Aug 2024 17:19:03 GMT","time.struct_time(tm_year=2024, tm_mon=8, tm_mday=1, tm_hour=17, tm_min=19, tm_sec=3, tm_wday=3, tm_yday=214, tm_isdst=0)","[{'width': '240', 'height': '135', 'url': 'https://ichef.bbci.co.uk/news/240/cpsprodpb/1c91/live/063dc4c0-5028-11ef-a29e-db4deeb6efa1.jpg'}]",
Brighton's Gross joins boyhood club Dortmund,"{'type': 'text/plain', 'language': None, 'base': 'https://feeds.bbci.co.uk/sport/football/rss.xml', 'value': ""Brighton's Gross joins boyhood club Dortmund""}",Dortmund sign Brighton midfielder Pascal Gross as the Germany international moves to his boyhood club.,"{'type': 'text/html', 'language': None, 'base': 'https://feeds.bbci.co.uk/sport/football/rss.xml', 'value': 'Dortmund sign Brighton midfielder Pascal Gross as the Germany international moves to his boyhood club.'}","[{'rel': 'alternate', 'type': 'text/html', 'href': 'https://www.bbc.com/sport/football/articles/cye0r100xx2o'}]",https://www.bbc.com/sport/football/articles/cye0r100xx2o,https://www.bbc.com/sport/football/articles/cye0r100xx2o#8,False,"Thu, 01 Aug 2024 08:35:55 GMT","time.struct_time(tm_year=2024, tm_mon=8, tm_mday=1, tm_hour=8, tm_min=35, tm_sec=55, tm_wday=3, tm_yday=214, tm_isdst=0)","[{'width': '240', 'height': '135', 'url': 'https://ichef.bbci.co.uk/news/240/cpsprodpb/17f2/live/0b9c7900-4fdf-11ef-a2b2-651941bfb3ca.jpg'}]",
Endrick impresses Ancelotti in Real friendly defeat,"{'type': 'text/plain', 'language': None, 'base': 'https://feeds.bbci.co.uk/sport/football/rss.xml', 'value': 'Endrick impresses Ancelotti in Real friendly defeat'}","Real Madrid manager Carlo Ancelotti says 18-year-old Brazil forward Endrick ""has something truly special"" after he made his debut against AC Milan.","{'type': 'text/html', 'language': None, 'base': 'https://feeds.bbci.co.uk/sport/football/rss.xml', 'value': 'Real Madrid manager Carlo Ancelotti says 18-year-old Brazil forward Endrick ""has something truly special"" after he made his debut against AC Milan.'}","[{'rel': 'alternate', 'type': 'text/html', 'href': 'https://www.bbc.com/sport/football/articles/cqv5n71g31vo'}]",https://www.bbc.com/sport/football/articles/cqv5n71g31vo,https://www.bbc.com/sport/football/articles/cqv5n71g31vo#8,False,"Thu, 01 Aug 2024 06:47:29 GMT","time.struct_time(tm_year=2024, tm_mon=8, tm_mday=1, tm_hour=6, tm_min=47, tm_sec=29, tm_wday=3, tm_yday=214, tm_isdst=0)","[{'width': '240', 'height': '135', 'url': 'https://ichef.bbci.co.uk/news/240/cpsprodpb/55b8/live/0b2395f0-4fd3-11ef-b8a6-c9027db4120d.jpg'}]",
Rangers sign defender Propper from Twente,"{'type': 'text/plain', 'language': None, 'base': 'https://feeds.bbci.co.uk/sport/football/rss.xml', 'value': 'Rangers sign defender Propper from Twente'}","Rangers sign Dutch defender Robin Propper from FC Twente, subject to international clearance.","{'type': 'text/html', 'language': None, 'base': 'https://feeds.bbci.co.uk/sport/football/rss.xml', 'value': 'Rangers sign Dutch defender Robin Propper from FC Twente, subject to international clearance.'}","[{'rel': 'alternate', 'type': 'text/html', 'href': 'https://www.bbc.com/sport/football/articles/c724p7gl003o'}]",https://www.bbc.com/sport/football/articles/c724p7gl003o,https://www.bbc.com/sport/football/articles/c724p7gl003o#8,False,"Thu, 01 Aug 2024 18:10:48 GMT","time.struct_time(tm_year=2024, tm_mon=8, tm_mday=1, tm_hour=18, tm_min=10, tm_sec=48, tm_wday=3, tm_yday=214, tm_isdst=0)","[{'width': '240', 'height': '135', 'url': 'https://ichef.bbci.co.uk/news/240/cpsprodpb/d85a/live/bf5f2da0-4fdc-11ef-a2b2-651941bfb3ca.jpg'}]",
When do European leagues start for 2024-25 season?,"{'type': 'text/plain', 'language': None, 'base': 'https://feeds.bbci.co.uk/sport/football/rss.xml', 'value': 'When do European leagues start for 2024-25 season?'}","BBC Sport looks at when European football leagues begin, the key fixtures, big transfers and more.","{'type': 'text/html', 'language': None, 'base': 'https://feeds.bbci.co.uk/sport/football/rss.xml', 'value': 'BBC Sport looks at when European football leagues begin, the key fixtures, big transfers and more.'}","[{'rel': 'alternate', 'type': 'text/html', 'href': 'https://www.bbc.com/sport/football/articles/cp68p120pj3o'}]",https://www.bbc.com/sport/football/articles/cp68p120pj3o,https://www.bbc.com/sport/football/articles/cp68p120pj3o#8,False,"Thu, 01 Aug 2024 06:58:34 GMT","time.struct_time(tm_year=2024, tm_mon=8, tm_mday=1, tm_hour=6, tm_min=58, tm_sec=34, tm_wday=3, tm_yday=214, tm_isdst=0)","[{'width': '240', 'height': '135', 'url': 'https://ichef.bbci.co.uk/news/240/cpsprodpb/42fa/live/10f013e0-4a6b-11ef-8f0f-0577398c3339.png'}]",
Chelsea accept Atletico Madrid offer for Gallagher,"{'type': 'text/plain', 'language': None, 'base': 'https://feeds.bbci.co.uk/sport/football/rss.xml', 'value': 'Chelsea accept Atletico Madrid offer for Gallagher'}",Chelsea accept a bid from Atletico Madrid for midfielder Conor Gallagher.,"{'type': 'text/html', 'language': None, 'base': 'https://feeds.bbci.co.uk/sport/football/rss.xml', 'value': 'Chelsea accept a bid from Atletico Madrid for midfielder Conor Gallagher.'}","[{'rel': 'alternate', 'type': 'text/html', 'href': 'https://www.bbc.com/sport/football/articles/cx92wxxn2wjo'}]",https://www.bbc.com/sport/football/articles/cx92wxxn2wjo,https://www.bbc.com/sport/football/articles/cx92wxxn2wjo#8,False,"Wed, 31 Jul 2024 22:40:57 GMT","time.struct_time(tm_year=2024, tm_mon=7, tm_mday=31, tm_hour=22, tm_min=40, tm_sec=57, tm_wday=2, tm_yday=213, tm_isdst=0)","[{'width': '240', 'height': '135', 'url': 'https://ichef.bbci.co.uk/news/240/cpsprodpb/cf7f/live/0fc96f90-4f8c-11ef-933a-7bc1f5540f77.jpg'}]",
Man City sign Japan's Fujino on three-year deal,"{'type': 'text/plain', 'language': None, 'base': 'https://feeds.bbci.co.uk/sport/football/rss.xml', 'value': ""Man City sign Japan's Fujino on three-year deal""}",Manchester City sign Japan international Aoba Fujino on a three-year contract.,"{'type': 'text/html', 'language': None, 'base': 'https://feeds.bbci.co.uk/sport/football/rss.xml', 'value': 'Manchester City sign Japan international Aoba Fujino on a three-year contract.'}","[{'rel': 'alternate', 'type': 'text/html', 'href': 'https://www.bbc.com/sport/football/articles/c72025xklexo'}]",https://www.bbc.com/sport/football/articles/c72025xklexo,https://www.bbc.com/sport/football/articles/c72025xklexo#9,False,"Fri, 02 Aug 2024 09:00:37 GMT","time.struct_time(tm_year=2024, tm_mon=8, tm_mday=2, tm_hour=9, tm_min=0, tm_sec=37, tm_wday=4, tm_yday=215, tm_isdst=0)","[{'width': '240', 'height': '135', 'url': 'https://ichef.bbci.co.uk/news/240/cpsprodpb/64aa/live/22fd05f0-50a8-11ef-aebc-6de4d31bf5cd.jpg'}]",
Villa sign Liverpool midfielder Kearns,"{'type': 'text/plain', 'language': None, 'base': 'https://feeds.bbci.co.uk/sport/football/rss.xml', 'value': 'Villa sign Liverpool midfielder Kearns'}","Aston Villa sign Liverpool midfielder Missy Bo Kearns for a fee of up to £100,000.","{'type': 'text/html', 'language': None, 'base': 'https://feeds.bbci.co.uk/sport/football/rss.xml', 'value': 'Aston Villa sign Liverpool midfielder Missy Bo Kearns for a fee of up to £100,000.'}","[{'rel': 'alternate', 'type': 'text/html', 'href': 'https://www.bbc.com/sport/football/articles/c3g98mypxxzo'}]",https://www.bbc.com/sport/football/articles/c3g98mypxxzo,https://www.bbc.com/sport/football/articles/c3g98mypxxzo#9,False,"Thu, 01 Aug 2024 15:14:19 GMT","time.struct_time(tm_year=2024, tm_mon=8, tm_mday=1, tm_hour=15, tm_min=14, tm_sec=19, tm_wday=3, tm_yday=214, tm_isdst=0)","[{'width': '240', 'height': '135', 'url': 'https://ichef.bbci.co.uk/news/240/cpsprodpb/0267/live/2b2c5410-5017-11ef-a64a-6775cc5bfd22.jpg'}]",
Lyon owner Kang announces $50m for women's sport,"{'type': 'text/plain', 'language': None, 'base': 'https://feeds.bbci.co.uk/sport/football/rss.xml', 'value': ""Lyon owner Kang announces $50m for women's sport""}","Michele Kang, the owner of three football clubs including the London City Lionesses, has announced a $50m (£39.2m) global investment in improving the health of elite female athletes.","{'type': 'text/html', 'language': None, 'base': 'https://feeds.bbci.co.uk/sport/football/rss.xml', 'value': 'Michele Kang, the owner of three football clubs including the London City Lionesses, has announced a $50m (£39.2m) global investment in improving the health of elite female athletes.'}","[{'rel': 'alternate', 'type': 'text/html', 'href': 'https://www.bbc.com/sport/football/articles/c134662m7jyo'}]",https://www.bbc.com/sport/football/articles/c134662m7jyo,https://www.bbc.com/sport/football/articles/c134662m7jyo#9,False,"Thu, 01 Aug 2024 17:09:27 GMT","time.struct_time(tm_year=2024, tm_mon=8, tm_mday=1, tm_hour=17, tm_min=9, tm_sec=27, tm_wday=3, tm_yday=214, tm_isdst=0)","[{'width': '240', 'height': '134', 'url': 'https://ichef.bbci.co.uk/news/240/cpsprodpb/a78d/live/45df1fb0-5024-11ef-894a-b30f1ca6afb0.jpg'}]",
Gustavsson leaves Matildas job after Olympics exit,"{'type': 'text/plain', 'language': None, 'base': 'https://feeds.bbci.co.uk/sport/football/rss.xml', 'value': 'Gustavsson leaves Matildas job after Olympics exit'}",Tony Gustavsson leaves his job as Australia manager following a dismal Olympic football campaign which saw the team eliminated at the group stage.,"{'type': 'text/html', 'language': None, 'base': 'https://feeds.bbci.co.uk/sport/football/rss.xml', 'value': 'Tony Gustavsson leaves his job as Australia manager following a dismal Olympic football campaign which saw the team eliminated at the group stage.'}","[{'rel': 'alternate', 'type': 'text/html', 'href': 'https://www.bbc.com/sport/olympics/articles/c9x8zg0leyko'}]",https://www.bbc.com/sport/olympics/articles/c9x8zg0leyko,https://www.bbc.com/sport/olympics/articles/c9x8zg0leyko#9,False,"Thu, 01 Aug 2024 06:49:05 GMT","time.struct_time(tm_year=2024, tm_mon=8, tm_mday=1, tm_hour=6, tm_min=49, tm_sec=5, tm_wday=3, tm_yday=214, tm_isdst=0)","[{'width': '240', 'height': '134', 'url': 'https://ichef.bbci.co.uk/news/240/cpsprodpb/d658/live/02f5ae00-4fcd-11ef-b2d2-cdb23d5d7c5b.jpg'}]",
Brazil great Marta goes off in tears after red card,"{'type': 'text/plain', 'language': None, 'base': 'https://feeds.bbci.co.uk/sport/football/rss.xml', 'value': 'Brazil great Marta goes off in tears after red card'}",Brazil's all-time leading goalscorer Marta walks off the pitch in tears after being shown a straight red card during their 2-0 defeat by Spain in the Olympic women's football tournament.,"{'type': 'text/html', 'language': None, 'base': 'https://feeds.bbci.co.uk/sport/football/rss.xml', 'value': ""Brazil's all-time leading goalscorer Marta walks off the pitch in tears after being shown a straight red card during their 2-0 defeat by Spain in the Olympic women's football tournament.""}","[{'rel': 'alternate', 'type': 'text/html', 'href': 'https://www.bbc.com/sport/olympics/articles/cj50l9jz034o'}]",https://www.bbc.com/sport/olympics/articles/cj50l9jz034o,https://www.bbc.com/sport/olympics/articles/cj50l9jz034o#9,False,"Wed, 31 Jul 2024 17:20:42 GMT","time.struct_time(tm_year=2024, tm_mon=7, tm_mday=31, tm_hour=17, tm_min=20, tm_sec=42, tm_wday=2, tm_yday=213, tm_isdst=0)","[{'width': '240', 'height': '134', 'url': 'https://ichef.bbci.co.uk/news/240/cpsprodpb/7c6b/live/65903d10-4f59-11ef-856b-f9caa2b4f13f.jpg'}]",
Arsenal sign Aston Villa goalkeeper Van Domselaar,"{'type': 'text/plain', 'language': None, 'base': 'https://feeds.bbci.co.uk/sport/football/rss.xml', 'value': 'Arsenal sign Aston Villa goalkeeper Van Domselaar'}",Arsenal sign Netherlands goalkeeper Daphne van Domselaar from fellow Women's Super League side Aston Villa.,"{'type': 'text/html', 'language': None, 'base': 'https://feeds.bbci.co.uk/sport/football/rss.xml', 'value': ""Arsenal sign Netherlands goalkeeper Daphne van Domselaar from fellow Women's Super League side Aston Villa.""}","[{'rel': 'alternate', 'type': 'text/html', 'href': 'https://www.bbc.com/sport/football/articles/c9r3v5rkl4no'}]",https://www.bbc.com/sport/football/articles/c9r3v5rkl4no,https://www.bbc.com/sport/football/articles/c9r3v5rkl4no#9,False,"Wed, 31 Jul 2024 11:46:46 GMT","time.struct_time(tm_year=2024, tm_mon=7, tm_mday=31, tm_hour=11, tm_min=46, tm_sec=46, tm_wday=2, tm_yday=213, tm_isdst=0)","[{'width': '240', 'height': '135', 'url': 'https://ichef.bbci.co.uk/news/240/cpsprodpb/6b6f/live/77e423c0-4eb2-11ef-89d7-8f079f0ef96e.jpg'}]",
Canada qualify despite six-point deduction,"{'type': 'text/plain', 'language': None, 'base': 'https://feeds.bbci.co.uk/sport/football/rss.xml', 'value': 'Canada qualify despite six-point deduction'}","Canada's women's team qualify for the quarter-finals of the Olympics football tournament, hours after losing their appeal against a six-point deduction.","{'type': 'text/html', 'language': None, 'base': 'https://feeds.bbci.co.uk/sport/football/rss.xml', 'value': ""Canada's women's team qualify for the quarter-finals of the Olympics football tournament, hours after losing their appeal against a six-point deduction.""}","[{'rel': 'alternate', 'type': 'text/html', 'href': 'https://www.bbc.com/sport/olympics/articles/clmy3kpkgeno'}]",https://www.bbc.com/sport/olympics/articles/clmy3kpkgeno,https://www.bbc.com/sport/olympics/articles/clmy3kpkgeno#9,False,"Wed, 31 Jul 2024 21:37:29 GMT","time.struct_time(tm_year=2024, tm_mon=7, tm_mday=31, tm_hour=21, tm_min=37, tm_sec=29, tm_wday=2, tm_yday=213, tm_isdst=0)","[{'width': '240', 'height': '134', 'url': 'https://ichef.bbci.co.uk/news/240/cpsprodpb/40b6/live/fb3cd170-4f36-11ef-b295-7feab2b3e11a.jpg'}]",
When do European leagues start for 2024-25 season?,"{'type': 'text/plain', 'language': None, 'base': 'https://feeds.bbci.co.uk/sport/football/rss.xml', 'value': 'When do European leagues start for 2024-25 season?'}","BBC Sport looks at when European football leagues begin, the key fixtures, big transfers and more.","{'type': 'text/html', 'language': None, 'base': 'https://feeds.bbci.co.uk/sport/football/rss.xml', 'value': 'BBC Sport looks at when European football leagues begin, the key fixtures, big transfers and more.'}","[{'rel': 'alternate', 'type': 'text/html', 'href': 'https://www.bbc.com/sport/football/articles/cp68p120pj3o'}]",https://www.bbc.com/sport/football/articles/cp68p120pj3o,https://www.bbc.com/sport/football/articles/cp68p120pj3o#10,False,"Thu, 01 Aug 2024 06:58:34 GMT","time.struct_time(tm_year=2024, tm_mon=8, tm_mday=1, tm_hour=6, tm_min=58, tm_sec=34, tm_wday=3, tm_yday=214, tm_isdst=0)","[{'width': '240', 'height': '135', 'url': 'https://ichef.bbci.co.uk/news/240/cpsprodpb/42fa/live/10f013e0-4a6b-11ef-8f0f-0577398c3339.png'}]",
Premier League pre-season fixtures & results,"{'type': 'text/plain', 'language': None, 'base': 'https://feeds.bbci.co.uk/sport/football/rss.xml', 'value': 'Premier League pre-season fixtures & results'}","From Tokyo and New York to Sligo and Crawley, check out the pre-season schedule for your Premier League club.","{'type': 'text/html', 'language': None, 'base': 'https://feeds.bbci.co.uk/sport/football/rss.xml', 'value': 'From Tokyo and New York to Sligo and Crawley, check out the pre-season schedule for your Premier League club.'}","[{'rel': 'alternate', 'type': 'text/html', 'href': 'https://www.bbc.com/sport/football/articles/cw4y1pl1vwzo'}]",https://www.bbc.com/sport/football/articles/cw4y1pl1vwzo,https://www.bbc.com/sport/football/articles/cw4y1pl1vwzo#10,False,"Thu, 01 Aug 2024 14:30:29 GMT","time.struct_time(tm_year=2024, tm_mon=8, tm_mday=1, tm_hour=14, tm_min=30, tm_sec=29, tm_wday=3, tm_yday=214, tm_isdst=0)","[{'width': '240', 'height': '135', 'url': 'https://ichef.bbci.co.uk/news/240/cpsprodpb/7dd1/live/c6807f60-3a1c-11ef-944b-53ebccb147ed.jpg'}]",
Premier League fixtures - find out your club's schedule,"{'type': 'text/plain', 'language': None, 'base': 'https://feeds.bbci.co.uk/sport/football/rss.xml', 'value': ""Premier League fixtures - find out your club's schedule""}",The Premier League fixtures are out - find out your club's schedule.,"{'type': 'text/html', 'language': None, 'base': 'https://feeds.bbci.co.uk/sport/football/rss.xml', 'value': ""The Premier League fixtures are out - find out your club's schedule.""}","[{'rel': 'alternate', 'type': 'text/html', 'href': 'https://www.bbc.com/sport/football/articles/c299yn7335ro'}]",https://www.bbc.com/sport/football/articles/c299yn7335ro,https://www.bbc.com/sport/football/articles/c299yn7335ro#10,False,"Tue, 18 Jun 2024 07:53:49 GMT","time.struct_time(tm_year=2024, tm_mon=6, tm_mday=18, tm_hour=7, tm_min=53, tm_sec=49, tm_wday=1, tm_yday=170, tm_isdst=0)","[{'width': '240', 'height': '134', 'url': 'https://ichef.bbci.co.uk/news/240/cpsprodpb/5a6f/live/e9495490-2c8e-11ef-bdc5-41d7421c2adf.jpg'}]",
Transfers - August 2024,"{'type': 'text/plain', 'language': None, 'base': 'https://feeds.bbci.co.uk/sport/football/rss.xml', 'value': 'Transfers - August 2024'}","Check out the significant signings and departures in the Premier League, Scottish Premiership, EFL and Women's Super League.","{'type': 'text/html', 'language': None, 'base': 'https://feeds.bbci.co.uk/sport/football/rss.xml', 'value': ""Check out the significant signings and departures in the Premier League, Scottish Premiership, EFL and Women's Super League.""}","[{'rel': 'alternate', 'type': 'text/html', 'href': 'https://www.bbc.com/sport/football/articles/ckrg5p4x35mo'}]",https://www.bbc.com/sport/football/articles/ckrg5p4x35mo,https://www.bbc.com/sport/football/articles/ckrg5p4x35mo#10,False,"Fri, 02 Aug 2024 09:18:46 GMT","time.struct_time(tm_year=2024, tm_mon=8, tm_mday=2, tm_hour=9, tm_min=18, tm_sec=46, tm_wday=4, tm_yday=215, tm_isdst=0)","[{'width': '240', 'height': '134', 'url': 'https://ichef.bbci.co.uk/news/240/cpsprodpb/880a/live/66753e50-20d4-11ef-baa7-25d483663b8e.png'}]",
Manager ins and outs - July 2024,"{'type': 'text/plain', 'language': None, 'base': 'https://feeds.bbci.co.uk/sport/football/rss.xml', 'value': 'Manager ins and outs - July 2024'}","BBC Sport tracks all the manager ins and outs in the Premier League, Scottish Premiership, Women's Super League, English Football League and National League.","{'type': 'text/html', 'language': None, 'base': 'https://feeds.bbci.co.uk/sport/football/rss.xml', 'value': ""BBC Sport tracks all the manager ins and outs in the Premier League, Scottish Premiership, Women's Super League, English Football League and National League.""}","[{'rel': 'alternate', 'type': 'text/html', 'href': 'https://www.bbc.com/sport/football/articles/cz9dnnjv0dqo'}]",https://www.bbc.com/sport/football/articles/cz9dnnjv0dqo,https://www.bbc.com/sport/football/articles/cz9dnnjv0dqo#10,False,"Fri, 05 Jul 2024 20:43:20 GMT","time.struct_time(tm_year=2024, tm_mon=7, tm_mday=5, tm_hour=20, tm_min=43, tm_sec=20, tm_wday=4, tm_yday=187, tm_isdst=0)","[{'width': '240', 'height': '135', 'url': 'https://ichef.bbci.co.uk/news/240/cpsprodpb/9b14/live/e9147e30-3b0e-11ef-84be-65f643df882e.jpg'}]",
Chasing the 'Ghost' - a superstar struck down by lightning,"{'type': 'text/plain', 'language': None, 'base': 'https://feeds.bbci.co.uk/sport/football/rss.xml', 'value': ""Chasing the 'Ghost' - a superstar struck down by lightning""}","John White did the League and Cup Double, but his sudden death left his son searching for the man behind the comic-book persona.","{'type': 'text/html', 'language': None, 'base': 'https://feeds.bbci.co.uk/sport/football/rss.xml', 'value': 'John White did the League and Cup Double, but his sudden death left his son searching for the man behind the comic-book persona.'}","[{'rel': 'alternate', 'type': 'text/html', 'href': 'https://www.bbc.com/sport/football/articles/cv2gd3jr387o'}]",https://www.bbc.com/sport/football/articles/cv2gd3jr387o,https://www.bbc.com/sport/football/articles/cv2gd3jr387o#11,False,"Wed, 03 Jul 2024 23:03:58 GMT","time.struct_time(tm_year=2024, tm_mon=7, tm_mday=3, tm_hour=23, tm_min=3, tm_sec=58, tm_wday=2, tm_yday=185, tm_isdst=0)","[{'width': '240', 'height': '135', 'url': 'https://ichef.bbci.co.uk/news/240/cpsprodpb/5e2b/live/e1350fb0-392c-11ef-bdc5-41d7421c2adf.jpg'}]",
Panenka - the penalty that killed a career and started a feud,"{'type': 'text/plain', 'language': None, 'base': 'https://feeds.bbci.co.uk/sport/football/rss.xml', 'value': 'Panenka - the penalty that killed a career and started a feud'}",Antonin Panenka's penalty in the Euro 1976 final birthed a whole new 12-yard tactic. But the risks were higher than anyone could imagine.,"{'type': 'text/html', 'language': None, 'base': 'https://feeds.bbci.co.uk/sport/football/rss.xml', 'value': ""Antonin Panenka's penalty in the Euro 1976 final birthed a whole new 12-yard tactic. But the risks were higher than anyone could imagine.""}","[{'rel': 'alternate', 'type': 'text/html', 'href': 'https://www.bbc.com/sport/football/articles/crgglxwge10o'}]",https://www.bbc.com/sport/football/articles/crgglxwge10o,https://www.bbc.com/sport/football/articles/crgglxwge10o#11,False,"Thu, 27 Jun 2024 23:10:43 GMT","time.struct_time(tm_year=2024, tm_mon=6, tm_mday=27, tm_hour=23, tm_min=10, tm_sec=43, tm_wday=3, tm_yday=179, tm_isdst=0)","[{'width': '240', 'height': '135', 'url': 'https://ichef.bbci.co.uk/news/240/cpsprodpb/e54c/live/91240c30-2c96-11ef-bdc5-41d7421c2adf.jpg'}]",
The awkward questions behind Hungary's football revival,"{'type': 'text/plain', 'language': None, 'base': 'https://feeds.bbci.co.uk/sport/football/rss.xml', 'value': ""The awkward questions behind Hungary's football revival""}",Hungary have ridden back into contention for international honours on the back of billions of euros and one man's passion for football.,"{'type': 'text/html', 'language': None, 'base': 'https://feeds.bbci.co.uk/sport/football/rss.xml', 'value': ""Hungary have ridden back into contention for international honours on the back of billions of euros and one man's passion for football.""}","[{'rel': 'alternate', 'type': 'text/html', 'href': 'https://www.bbc.com/sport/football/articles/cekk4zp5rg8o'}]",https://www.bbc.com/sport/football/articles/cekk4zp5rg8o,https://www.bbc.com/sport/football/articles/cekk4zp5rg8o#11,False,"Thu, 20 Jun 2024 21:40:57 GMT","time.struct_time(tm_year=2024, tm_mon=6, tm_mday=20, tm_hour=21, tm_min=40, tm_sec=57, tm_wday=3, tm_yday=172, tm_isdst=0)","[{'width': '240', 'height': '135', 'url': 'https://ichef.bbci.co.uk/news/240/cpsprodpb/9945/live/cb65d640-27fe-11ef-baa7-25d483663b8e.jpg'}]",
'No limitations' - Mbappe and a mission of a lifetime,"{'type': 'text/plain', 'language': None, 'base': 'https://feeds.bbci.co.uk/sport/football/rss.xml', 'value': ""'No limitations' - Mbappe and a mission of a lifetime""}","Kylian Mbappe wasn't always the best footballing prospect. But he, and his family, had the clearest plan. Project Mbappe continues.","{'type': 'text/html', 'language': None, 'base': 'https://feeds.bbci.co.uk/sport/football/rss.xml', 'value': ""Kylian Mbappe wasn't always the best footballing prospect. But he, and his family, had the clearest plan. Project Mbappe continues.""}","[{'rel': 'alternate', 'type': 'text/html', 'href': 'https://www.bbc.com/sport/football/articles/cv22kx63y9vo'}]",https://www.bbc.com/sport/football/articles/cv22kx63y9vo,https://www.bbc.com/sport/football/articles/cv22kx63y9vo#11,False,"Tue, 09 Jul 2024 05:20:44 GMT","time.struct_time(tm_year=2024, tm_mon=7, tm_mday=9, tm_hour=5, tm_min=20, tm_sec=44, tm_wday=1, tm_yday=191, tm_isdst=0)","[{'width': '240', 'height': '135', 'url': 'https://ichef.bbci.co.uk/news/240/cpsprodpb/507b/live/bcefa830-18fd-11ef-b5cc-cb8b8c4cef5a.jpg'}]",
"'I was lost' - Dancing with fans, hiding the pain","{'type': 'text/plain', 'language': None, 'base': 'https://feeds.bbci.co.uk/sport/football/rss.xml', 'value': ""'I was lost' - Dancing with fans, hiding the pain""}","Rachel Furness was Northern Ireland's award-winning record goalscorer but everything was not right in her world. This is why she walked away, and why she came back","{'type': 'text/html', 'language': None, 'base': 'https://feeds.bbci.co.uk/sport/football/rss.xml', 'value': ""Rachel Furness was Northern Ireland's award-winning record goalscorer but everything was not right in her world. This is why she walked away, and why she came back""}","[{'rel': 'alternate', 'type': 'text/html', 'href': 'https://www.bbc.com/sport/articles/c19dlgr80pko'}]",https://www.bbc.com/sport/articles/c19dlgr80pko,https://www.bbc.com/sport/articles/c19dlgr80pko#11,False,"Mon, 27 May 2024 23:02:05 GMT","time.struct_time(tm_year=2024, tm_mon=5, tm_mday=27, tm_hour=23, tm_min=2, tm_sec=5, tm_wday=0, tm_yday=148, tm_isdst=0)","[{'width': '240', 'height': '135', 'url': 'https://ichef.bbci.co.uk/news/240/cpsprodpb/bbe6/live/26f2b780-183c-11ef-80aa-699d54c46324.jpg'}]",
"Fights, bikes & late nights - six images of a Manchester rivalry","{'type': 'text/plain', 'language': None, 'base': 'https://feeds.bbci.co.uk/sport/football/rss.xml', 'value': 'Fights, bikes & late nights - six images of a Manchester rivalry'}","Star players have come and gone, but through Manchester United and Manchester City's Premier League rivalry, two local brothers have documented the characters and the chaos.","{'type': 'text/html', 'language': None, 'base': 'https://feeds.bbci.co.uk/sport/football/rss.xml', 'value': ""Star players have come and gone, but through Manchester United and Manchester City's Premier League rivalry, two local brothers have documented the characters and the chaos.""}","[{'rel': 'alternate', 'type': 'text/html', 'href': 'https://www.bbc.com/sport/football/articles/c3gglne0r5ro'}]",https://www.bbc.com/sport/football/articles/c3gglne0r5ro,https://www.bbc.com/sport/football/articles/c3gglne0r5ro#11,False,"Wed, 22 May 2024 23:04:01 GMT","time.struct_time(tm_year=2024, tm_mon=5, tm_mday=22, tm_hour=23, tm_min=4, tm_sec=1, tm_wday=2, tm_yday=143, tm_isdst=0)","[{'width': '240', 'height': '135', 'url': 'https://ichef.bbci.co.uk/news/240/cpsprodpb/7dc5/live/f2fbe010-16f0-11ef-976f-87c9f89e656e.jpg'}]",
Schalke's fall to the edge of existence,"{'type': 'text/plain', 'language': None, 'base': 'https://feeds.bbci.co.uk/sport/football/rss.xml', 'value': ""Schalke's fall to the edge of existence""}","Despite recent assurances that Schalke’s finances are holding up, the viability of the debt-saddled club as a genuine power is in doubt.","{'type': 'text/html', 'language': None, 'base': 'https://feeds.bbci.co.uk/sport/football/rss.xml', 'value': 'Despite recent assurances that Schalke’s finances are holding up, the viability of the debt-saddled club as a genuine power is in doubt.'}","[{'rel': 'alternate', 'type': 'text/html', 'href': 'https://www.bbc.com/sport/football/articles/ckr5yy29k82o'}]",https://www.bbc.com/sport/football/articles/ckr5yy29k82o,https://www.bbc.com/sport/football/articles/ckr5yy29k82o#11,False,"Mon, 29 Apr 2024 23:01:22 GMT","time.struct_time(tm_year=2024, tm_mon=4, tm_mday=29, tm_hour=23, tm_min=1, tm_sec=22, tm_wday=0, tm_yday=120, tm_isdst=0)","[{'width': '240', 'height': '134', 'url': 'https://ichef.bbci.co.uk/news/240/cpsprodpb/b535/live/65149970-0423-11ef-bee9-6125e244a4cd.png'}]",
